plane,angle_deg,kx,ky,kz,q,A_proj,force_factor
XY,0,1,0,0,0.685767,78124.4,131700
XZ,0,1,0,0,0.685767,78124.4,131700
YZ,0,0,1,0,0.924324,30059.5,57844.2
XY,0.5,0.999962,0.00872654,0,0.686736,78383.7,132213
XZ,0.5,0.999962,0,0.00872654,0.686046,78196.7,131843
YZ,0.5,0,0.999962,0.00872654,0.924452,30133.6,57990.7
XY,1,0.999848,0.0174524,0,0.687551,78637.1,132704
XZ,1,0.999848,0,0.0174524,0.686281,78263.1,131974
YZ,1,0,0.999848,0.0174524,0.924468,30205.5,58129.5
XY,1.5,0.999657,0.0261769,0,0.688243,78884.5,133176
XZ,1.5,0.999657,0,0.0261769,0.686483,78323.5,132091
YZ,1.5,0,0.999657,0.0261769,0.924397,30275.1,58261.2
XY,2,0.999391,0.0348995,0,0.688846,79125.9,133631
XZ,2,0.999391,0,0.0348995,0.686659,78378,132197
YZ,2,0,0.999391,0.0348995,0.924262,30342.3,58386.6
XY,2.5,0.999048,0.0436194,0,0.689386,79361.2,134072
XZ,2.5,0.999048,0,0.0436194,0.686818,78426.5,132291
YZ,2.5,0,0.999048,0.0436194,0.924083,30407.3,58506.1
XY,3,0.99863,0.052336,0,0.689886,79590.5,134499
XZ,3,0.99863,0,0.052336,0.686966,78469,132374
YZ,3,0,0.99863,0.052336,0.923877,30469.9,58620.4
XY,3.5,0.998135,0.0610485,0,0.690362,79813.8,134914
XZ,3.5,0.998135,0,0.0610485,0.687108,78505.5,132447
YZ,3.5,0,0.998135,0.0610485,0.923657,30530.2,58729.7
XY,4,0.997564,0.0697565,0,0.690829,80030.9,135319
XZ,4,0.997564,0,0.0697565,0.687248,78536.1,132510
YZ,4,0,0.997564,0.0697565,0.923432,30588.2,58834.3
XY,4.5,0.996917,0.0784591,0,0.691295,80242,135713
XZ,4.5,0.996917,0,0.0784591,0.687388,78560.6,132562
YZ,4.5,0,0.996917,0.0784591,0.923209,30643.9,58934.6
XY,5,0.996195,0.0871557,0,0.691767,80447,136098
XZ,5,0.996195,0,0.0871557,0.68753,78579.2,132605
YZ,5,0,0.996195,0.0871557,0.922993,30697.2,59030.5
XY,5.5,0.995396,0.0958458,0,0.69225,80645.8,136473
XZ,5.5,0.995396,0,0.0958458,0.687677,78591.8,132638
YZ,5.5,0,0.995396,0.0958458,0.922788,30748.2,59122.3
XY,6,0.994522,0.104528,0,0.692747,80838.5,136839
XZ,6,0.994522,0,0.104528,0.687828,78598.5,132661
YZ,6,0,0.994522,0.104528,0.922596,30796.8,59209.9
XY,6.5,0.993572,0.113203,0,0.69326,81025,137196
XZ,6.5,0.993572,0,0.113203,0.687984,78599.1,132674
YZ,6.5,0,0.993572,0.113203,0.922418,30843.1,59293.4
XY,7,0.992546,0.121869,0,0.693789,81205.4,137545
XZ,7,0.992546,0,0.121869,0.688146,78593.8,132678
YZ,7,0,0.992546,0.121869,0.922255,30887.1,59372.9
XY,7.5,0.991445,0.130526,0,0.694335,81379.6,137884
XZ,7.5,0.991445,0,0.130526,0.688314,78582.4,132672
YZ,7.5,0,0.991445,0.130526,0.922107,30928.7,59448.2
XY,8,0.990268,0.139173,0,0.694898,81547.6,138215
XZ,8,0.990268,0,0.139173,0.688487,78565.1,132656
YZ,8,0,0.990268,0.139173,0.921973,30967.9,59519.5
XY,8.5,0.989016,0.147809,0,0.695477,81709.3,138536
XZ,8.5,0.989016,0,0.147809,0.688666,78541.8,132631
YZ,8.5,0,0.989016,0.147809,0.921853,31004.8,59586.7
XY,9,0.987688,0.156434,0,0.696071,81864.9,138849
XZ,9,0.987688,0,0.156434,0.688851,78512.5,132596
YZ,9,0,0.987688,0.156434,0.921747,31039.3,59649.8
XY,9.5,0.986286,0.165048,0,0.69668,82014.2,139152
XZ,9.5,0.986286,0,0.165048,0.68904,78477.3,132551
YZ,9.5,0,0.986286,0.165048,0.921653,31071.5,59708.7
XY,10,0.984808,0.173648,0,0.697302,82157.3,139446
XZ,10,0.984808,0,0.173648,0.689235,78436,132497
YZ,10,0,0.984808,0.173648,0.921572,31101.3,59763.4
XY,10.5,0.983255,0.182236,0,0.697938,82294.1,139730
XZ,10.5,0.983255,0,0.182236,0.689434,78388.8,132433
YZ,10.5,0,0.983255,0.182236,0.921502,31128.7,59813.9
XY,11,0.981627,0.190809,0,0.698585,82424.7,140005
XZ,11,0.981627,0,0.190809,0.689638,78335.6,132359
YZ,11,0,0.981627,0.190809,0.921442,31153.8,59860.2
XY,11.5,0.979925,0.199368,0,0.699243,82548.9,140271
XZ,11.5,0.979925,0,0.199368,0.689845,78276.5,132275
YZ,11.5,0,0.979925,0.199368,0.921392,31176.5,59902.2
XY,12,0.978148,0.207912,0,0.69991,82666.9,140526
XZ,12,0.978148,0,0.207912,0.690057,78211.4,132182
YZ,12,0,0.978148,0.207912,0.921351,31196.8,59940
XY,12.5,0.976296,0.21644,0,0.700587,82778.6,140772
XZ,12.5,0.976296,0,0.21644,0.690272,78140.3,132078
YZ,12.5,0,0.976296,0.21644,0.921318,31214.7,59973.4
XY,13,0.97437,0.224951,0,0.701273,82884,141008
XZ,13,0.97437,0,0.224951,0.690491,78063.3,131965
YZ,13,0,0.97437,0.224951,0.921292,31230.3,60002.5
XY,13.5,0.97237,0.233445,0,0.701966,82983.1,141234
XZ,13.5,0.97237,0,0.233445,0.690713,77980.4,131842
YZ,13.5,0,0.97237,0.233445,0.921273,31243.5,60027.2
XY,14,0.970296,0.241922,0,0.702665,83075.8,141450
XZ,14,0.970296,0,0.241922,0.690938,77891.5,131710
YZ,14,0,0.970296,0.241922,0.921261,31254.3,60047.6
XY,14.5,0.968148,0.25038,0,0.703371,83162.2,141656
XZ,14.5,0.968148,0,0.25038,0.691166,77796.6,131567
YZ,14.5,0,0.968148,0.25038,0.921253,31262.7,60063.5
XY,15,0.965926,0.258819,0,0.704083,83242.3,141852
XZ,15,0.965926,0,0.258819,0.691397,77695.9,131415
YZ,15,0,0.965926,0.258819,0.921251,31268.7,60075.1
XY,15.5,0.96363,0.267238,0,0.7048,83316.1,142037
XZ,15.5,0.96363,0,0.267238,0.69163,77589.2,131252
YZ,15.5,0,0.96363,0.267238,0.921254,31272.4,60082.2
XY,16,0.961262,0.275637,0,0.705521,83383.5,142212
XZ,16,0.961262,0,0.275637,0.691866,77476.6,131080
YZ,16,0,0.961262,0.275637,0.92126,31273.6,60084.8
XY,16.5,0.95882,0.284015,0,0.706246,83444.6,142377
XZ,16.5,0.95882,0,0.284015,0.692104,77358.1,130898
YZ,16.5,0,0.95882,0.284015,0.92127,31272.5,60083
XY,17,0.956305,0.292372,0,0.706976,83499.3,142531
XZ,17,0.956305,0,0.292372,0.692344,77233.8,130706
YZ,17,0,0.956305,0.292372,0.921283,31269.1,60076.7
XY,17.5,0.953717,0.300706,0,0.707709,83547.6,142675
XZ,17.5,0.953717,0,0.300706,0.692587,77103.5,130504
YZ,17.5,0,0.953717,0.300706,0.921299,31263.2,60065.9
XY,18,0.951057,0.309017,0,0.708445,83589.6,142808
XZ,18,0.951057,0,0.309017,0.692831,76967.4,130293
YZ,18,0,0.951057,0.309017,0.921317,31254.9,60050.6
XY,18.5,0.948324,0.317305,0,0.709183,83625.2,142931
XZ,18.5,0.948324,0,0.317305,0.693077,76825.4,130071
YZ,18.5,0,0.948324,0.317305,0.921338,31244.3,60030.9
XY,19,0.945519,0.325568,0,0.709924,83654.5,143043
XZ,19,0.945519,0,0.325568,0.693325,76677.6,129840
YZ,19,0,0.945519,0.325568,0.92136,31231.3,60006.6
XY,19.5,0.942641,0.333807,0,0.710668,83677.4,143144
XZ,19.5,0.942641,0,0.333807,0.693575,76523.9,129599
YZ,19.5,0,0.942641,0.333807,0.921384,31215.9,59977.7
XY,20,0.939693,0.34202,0,0.711414,83693.9,143235
XZ,20,0.939693,0,0.34202,0.693827,76364.4,129348
YZ,20,0,0.939693,0.34202,0.921408,31198.1,59944.4
XY,20.5,0.936672,0.350207,0,0.712161,83704,143315
XZ,20.5,0.936672,0,0.350207,0.694081,76199.1,129087
YZ,20.5,0,0.936672,0.350207,0.921434,31178,59906.5
XY,21,0.93358,0.358368,0,0.712911,83707.8,143384
XZ,21,0.93358,0,0.358368,0.694336,76028,128817
YZ,21,0,0.93358,0.358368,0.921461,31155.5,59864.1
XY,21.5,0.930418,0.366501,0,0.713662,83705.1,143442
XZ,21.5,0.930418,0,0.366501,0.694593,75851.1,128537
YZ,21.5,0,0.930418,0.366501,0.921488,31130.6,59817.1
XY,22,0.927184,0.374607,0,0.714415,83696.2,143490
XZ,22,0.927184,0,0.374607,0.694851,75668.4,128247
YZ,22,0,0.927184,0.374607,0.921515,31103.3,59765.6
XY,22.5,0.92388,0.382683,0,0.715169,83680.8,143527
XZ,22.5,0.92388,0,0.382683,0.695111,75479.9,127947
YZ,22.5,0,0.92388,0.382683,0.921543,31073.7,59709.5
XY,23,0.920505,0.390731,0,0.715924,83659.1,143553
XZ,23,0.920505,0,0.390731,0.695373,75285.7,127637
YZ,23,0,0.920505,0.390731,0.92157,31041.7,59648.9
XY,23.5,0.91706,0.398749,0,0.716681,83631,143568
XZ,23.5,0.91706,0,0.398749,0.695636,75085.8,127318
YZ,23.5,0,0.91706,0.398749,0.921597,31007.4,59583.7
XY,24,0.913545,0.406737,0,0.717439,83596.5,143572
XZ,24,0.913545,0,0.406737,0.695901,74880.2,126989
YZ,24,0,0.913545,0.406737,0.921624,30970.7,59513.9
XY,24.5,0.909961,0.414693,0,0.718198,83555.6,143565
XZ,24.5,0.909961,0,0.414693,0.696168,74668.8,126651
YZ,24.5,0,0.909961,0.414693,0.92165,30931.6,59439.7
XY,25,0.906308,0.422618,0,0.718958,83508.4,143548
XZ,25,0.906308,0,0.422618,0.696436,74451.8,126303
YZ,25,0,0.906308,0.422618,0.921675,30890.1,59360.8
XY,25.5,0.902585,0.430511,0,0.71972,83454.9,143519
XZ,25.5,0.902585,0,0.430511,0.696706,74229.1,125945
YZ,25.5,0,0.902585,0.430511,0.921699,30846.4,59277.4
XY,26,0.898794,0.438371,0,0.720483,83394.9,143480
XZ,26,0.898794,0,0.438371,0.696978,74000.7,125578
YZ,26,0,0.898794,0.438371,0.921722,30800.2,59189.5
XY,26.5,0.894934,0.446198,0,0.721247,83328.7,143429
XZ,26.5,0.894934,0,0.446198,0.697251,73766.7,125201
YZ,26.5,0,0.894934,0.446198,0.921744,30751.7,59097
XY,27,0.891007,0.45399,0,0.722012,83256.1,143368
XZ,27,0.891007,0,0.45399,0.697527,73527.1,124814
YZ,27,0,0.891007,0.45399,0.921765,30700.9,59000
XY,27.5,0.887011,0.461749,0,0.722778,83177.1,143296
XZ,27.5,0.887011,0,0.461749,0.697804,73281.9,124418
YZ,27.5,0,0.887011,0.461749,0.921784,30647.8,58898.4
XY,28,0.882948,0.469472,0,0.723546,83091.8,143213
XZ,28,0.882948,0,0.469472,0.698082,73031.1,124013
YZ,28,0,0.882948,0.469472,0.921802,30592.3,58792.3
XY,28.5,0.878817,0.477159,0,0.724315,83000.2,143118
XZ,28.5,0.878817,0,0.477159,0.698363,72774.7,123598
YZ,28.5,0,0.878817,0.477159,0.921818,30534.5,58681.7
XY,29,0.87462,0.48481,0,0.725086,82902.3,143013
XZ,29,0.87462,0,0.48481,0.698646,72512.8,123174
YZ,29,0,0.87462,0.48481,0.921832,30474.3,58566.5
XY,29.5,0.870356,0.492424,0,0.725858,82798,142898
XZ,29.5,0.870356,0,0.492424,0.698931,72245.4,122740
YZ,29.5,0,0.870356,0.492424,0.921844,30411.8,58446.8
XY,30,0.866025,0.5,0,0.726631,82687.4,142771
XZ,30,0.866025,0,0.5,0.699218,71972.5,122297
YZ,30,0,0.866025,0.5,0.921855,30347.1,58322.6
XY,30.5,0.861629,0.507538,0,0.727406,82570.6,142633
XZ,30.5,0.861629,0,0.507538,0.699507,71694.1,121845
YZ,30.5,0,0.861629,0.507538,0.921863,30280,58193.9
XY,31,0.857167,0.515038,0,0.728183,82447.4,142484
XZ,31,0.857167,0,0.515038,0.699798,71410.2,121383
YZ,31,0,0.857167,0.515038,0.921869,30210.6,58060.7
XY,31.5,0.85264,0.522499,0,0.728962,82318,142325
XZ,31.5,0.85264,0,0.522499,0.700091,71120.9,120912
YZ,31.5,0,0.85264,0.522499,0.921872,30138.9,57923
XY,32,0.848048,0.529919,0,0.729743,82182.3,142154
XZ,32,0.848048,0,0.529919,0.700387,70826.2,120432
YZ,32,0,0.848048,0.529919,0.921874,30064.9,57780.8
XY,32.5,0.843391,0.5373,0,0.730525,82040.4,141973
XZ,32.5,0.843391,0,0.5373,0.700686,70526.1,119943
YZ,32.5,0,0.843391,0.5373,0.921872,29988.6,57634.2
XY,33,0.838671,0.544639,0,0.73131,81892.2,141781
XZ,33,0.838671,0,0.544639,0.700987,70220.6,119444
YZ,33,0,0.838671,0.544639,0.921868,29910,57483.1
XY,33.5,0.833886,0.551937,0,0.732097,81737.8,141578
XZ,33.5,0.833886,0,0.551937,0.70129,69909.8,118937
YZ,33.5,0,0.833886,0.551937,0.921862,29829.1,57327.5
XY,34,0.829038,0.559193,0,0.732887,81577.1,141364
XZ,34,0.829038,0,0.559193,0.701597,69593.7,118420
YZ,34,0,0.829038,0.559193,0.921852,29746,57167.5
XY,34.5,0.824126,0.566406,0,0.733679,81410.2,141139
XZ,34.5,0.824126,0,0.566406,0.701906,69272.2,117895
YZ,34.5,0,0.824126,0.566406,0.92184,29660.6,57003
XY,35,0.819152,0.573576,0,0.734474,81237.2,140904
XZ,35,0.819152,0,0.573576,0.702218,68945.5,117360
YZ,35,0,0.819152,0.573576,0.921825,29573,56834.1
XY,35.5,0.814116,0.580703,0,0.735271,81057.9,140657
XZ,35.5,0.814116,0,0.580703,0.702533,68613.5,116817
YZ,35.5,0,0.814116,0.580703,0.921807,29483.1,56660.8
XY,36,0.809017,0.587785,0,0.736072,80872.5,140400
XZ,36,0.809017,0,0.587785,0.702852,68276.3,116264
YZ,36,0,0.809017,0.587785,0.921785,29391,56483.1
XY,36.5,0.803857,0.594823,0,0.736875,80680.9,140133
XZ,36.5,0.803857,0,0.594823,0.703174,67933.9,115703
YZ,36.5,0,0.803857,0.594823,0.92176,29296.6,56301
XY,37,0.798636,0.601815,0,0.737682,80483.2,139854
XZ,37,0.798636,0,0.601815,0.703499,67586.3,115133
YZ,37,0,0.798636,0.601815,0.921732,29200,56114.5
XY,37.5,0.793353,0.608761,0,0.738493,80279.3,139565
XZ,37.5,0.793353,0,0.608761,0.703829,67233.6,114555
YZ,37.5,0,0.793353,0.608761,0.921701,29101.1,55923.7
XY,38,0.788011,0.615661,0,0.739307,80069.3,139265
XZ,38,0.788011,0,0.615661,0.704161,66875.8,113967
YZ,38,0,0.788011,0.615661,0.921666,29000.1,55728.5
XY,38.5,0.782608,0.622515,0,0.740125,79853.2,138955
XZ,38.5,0.782608,0,0.622515,0.704498,66512.8,113371
YZ,38.5,0,0.782608,0.622515,0.921627,28896.8,55528.9
XY,39,0.777146,0.62932,0,0.740947,79631.1,138634
XZ,39,0.777146,0,0.62932,0.704839,66144.8,112766
YZ,39,0,0.777146,0.62932,0.921584,28791.4,55325
XY,39.5,0.771625,0.636078,0,0.741773,79402.9,138302
XZ,39.5,0.771625,0,0.636078,0.705185,65771.8,112153
YZ,39.5,0,0.771625,0.636078,0.921538,28683.7,55116.8
XY,40,0.766044,0.642788,0,0.742604,79168.6,137960
XZ,40,0.766044,0,0.642788,0.705535,65393.7,111531
YZ,40,0,0.766044,0.642788,0.921488,28573.9,54904.3
XY,40.5,0.760406,0.649448,0,0.74344,78928.3,137607
XZ,40.5,0.760406,0,0.649448,0.705889,65010.7,110901
YZ,40.5,0,0.760406,0.649448,0.921434,28461.9,54687.6
XY,41,0.75471,0.656059,0,0.74428,78682,137243
XZ,41,0.75471,0,0.656059,0.706249,64622.7,110262
YZ,41,0,0.75471,0.656059,0.921375,28347.7,54466.5
XY,41.5,0.748956,0.66262,0,0.745125,78429.7,136870
XZ,41.5,0.748956,0,0.66262,0.706613,64229.8,109616
YZ,41.5,0,0.748956,0.66262,0.921313,28231.3,54241.2
XY,42,0.743145,0.669131,0,0.745976,78171.5,136485
XZ,42,0.743145,0,0.669131,0.706983,63832.1,108960
YZ,42,0,0.743145,0.669131,0.921246,28112.9,54011.7
XY,42.5,0.737277,0.67559,0,0.746833,77907.2,136091
XZ,42.5,0.737277,0,0.67559,0.707359,63429.4,108297
YZ,42.5,0,0.737277,0.67559,0.921174,27992.2,53777.9
XY,43,0.731354,0.681998,0,0.747695,77637.1,135686
XZ,43,0.731354,0,0.681998,0.70774,63021.9,107625
YZ,43,0,0.731354,0.681998,0.921098,27869.5,53540
XY,43.5,0.725374,0.688355,0,0.748563,77361,135271
XZ,43.5,0.725374,0,0.688355,0.708127,62609.6,106945
YZ,43.5,0,0.725374,0.688355,0.921018,27744.6,53297.8
XY,44,0.71934,0.694658,0,0.749438,77079,134845
XZ,44,0.71934,0,0.694658,0.708521,62192.6,106257
YZ,44,0,0.71934,0.694658,0.920933,27617.6,53051.5
XY,44.5,0.71325,0.700909,0,0.75032,76791.2,134409
XZ,44.5,0.71325,0,0.700909,0.708921,61770.8,105561
YZ,44.5,0,0.71325,0.700909,0.920843,27488.5,52801
XY,45,0.707107,0.707107,0,0.751208,76497.5,133963
XZ,45,0.707107,0,0.707107,0.709329,61344.3,104858
YZ,45,0,0.707107,0.707107,0.920748,27357.3,52546.4
XY,45.5,0.700909,0.71325,0,0.752104,76198,133507
XZ,45.5,0.700909,0,0.71325,0.709743,60913.2,104146
YZ,45.5,0,0.700909,0.71325,0.920648,27224,52287.7
XY,46,0.694658,0.71934,0,0.753007,75892.7,133041
XZ,46,0.694658,0,0.71934,0.710165,60477.4,103426
YZ,46,0,0.694658,0.71934,0.920543,27088.7,52024.9
XY,46.5,0.688355,0.725374,0,0.753919,75581.7,132564
XZ,46.5,0.688355,0,0.725374,0.710595,60037,102699
YZ,46.5,0,0.688355,0.725374,0.920432,26951.2,51758
XY,47,0.681998,0.731354,0,0.754838,75264.8,132078
XZ,47,0.681998,0,0.731354,0.711033,59592,101964
YZ,47,0,0.681998,0.731354,0.920317,26811.8,51487.1
XY,47.5,0.67559,0.737277,0,0.755767,74942.2,131581
XZ,47.5,0.67559,0,0.737277,0.71148,59142.5,101221
YZ,47.5,0,0.67559,0.737277,0.920195,26670.3,51212.1
XY,48,0.669131,0.743145,0,0.756704,74614,131075
XZ,48,0.669131,0,0.743145,0.711936,58688.5,100471
YZ,48,0,0.669131,0.743145,0.920069,26526.7,50933.2
XY,48.5,0.66262,0.748956,0,0.75765,74280,130558
XZ,48.5,0.66262,0,0.748956,0.712401,58230,99713
YZ,48.5,0,0.66262,0.748956,0.919936,26381.2,50650.2
XY,49,0.656059,0.75471,0,0.758607,73940.4,130032
XZ,49,0.656059,0,0.75471,0.712876,57767,98947.8
YZ,49,0,0.656059,0.75471,0.919798,26233.6,50363.2
XY,49.5,0.649448,0.760406,0,0.759573,73595.1,129496
XZ,49.5,0.649448,0,0.760406,0.713361,57299.7,98175.1
YZ,49.5,0,0.649448,0.760406,0.919653,26084,50072.3
XY,50,0.642788,0.766044,0,0.76055,73244.3,128950
XZ,50,0.642788,0,0.766044,0.713857,56828,97395.1
YZ,50,0,0.642788,0.766044,0.919503,25932.5,49777.5
XY,50.5,0.636078,0.771625,0,0.761537,72887.9,128395
XZ,50.5,0.636078,0,0.771625,0.714364,56352,96607.9
YZ,50.5,0,0.636078,0.771625,0.919347,25779,49478.8
XY,51,0.62932,0.777146,0,0.762537,72525.9,127829
XZ,51,0.62932,0,0.777146,0.714882,55871.7,95813.4
YZ,51,0,0.62932,0.777146,0.919184,25623.5,49176.2
XY,51.5,0.622515,0.782608,0,0.763547,72158.4,127255
XZ,51.5,0.622515,0,0.782608,0.715413,55387.2,95011.9
YZ,51.5,0,0.622515,0.782608,0.919015,25466,48869.7
XY,52,0.615661,0.788011,0,0.764571,71785.4,126670
XZ,52,0.615661,0,0.788011,0.715957,54898.4,94203.3
YZ,52,0,0.615661,0.788011,0.918839,25306.7,48559.4
XY,52.5,0.608761,0.793353,0,0.765607,71406.9,126076
XZ,52.5,0.608761,0,0.793353,0.716514,54405.4,93387.7
YZ,52.5,0,0.608761,0.793353,0.918657,25145.3,48245.3
XY,53,0.601815,0.798636,0,0.766656,71023,125473
XZ,53,0.601815,0,0.798636,0.717085,53908.3,92565.2
YZ,53,0,0.601815,0.798636,0.918468,24982.1,47927.4
XY,53.5,0.594823,0.803857,0,0.767719,70633.7,124860
XZ,53.5,0.594823,0,0.803857,0.717671,53407.1,91735.9
YZ,53.5,0,0.594823,0.803857,0.918273,24817,47605.8
XY,54,0.587785,0.809017,0,0.768796,70239,124238
XZ,54,0.587785,0,0.809017,0.718272,52901.8,90899.8
YZ,54,0,0.587785,0.809017,0.91807,24650,47280.4
XY,54.5,0.580703,0.814116,0,0.769888,69838.9,123607
XZ,54.5,0.580703,0,0.814116,0.718889,52392.5,90057
YZ,54.5,0,0.580703,0.814116,0.91786,24481.1,46951.3
XY,55,0.573576,0.819152,0,0.770996,69433.6,122967
XZ,55,0.573576,0,0.819152,0.719523,51879.3,89207.6
YZ,55,0,0.573576,0.819152,0.917643,24310.3,46618.6
XY,55.5,0.566406,0.824126,0,0.772119,69022.9,122317
XZ,55.5,0.566406,0,0.824126,0.720174,51362,88351.6
YZ,55.5,0,0.566406,0.824126,0.917419,24137.7,46282.1
XY,56,0.559193,0.829038,0,0.773259,68607,121658
XZ,56,0.559193,0,0.829038,0.720844,50840.9,87489.2
YZ,56,0,0.559193,0.829038,0.917188,23963.3,45942.1
XY,56.5,0.551937,0.833886,0,0.774417,68185.9,120990
XZ,56.5,0.551937,0,0.833886,0.721532,50315.8,86620.3
YZ,56.5,0,0.551937,0.833886,0.916949,23787,45598.5
XY,57,0.544639,0.838671,0,0.775592,67759.6,120313
XZ,57,0.544639,0,0.838671,0.722241,49787,85745.2
YZ,57,0,0.544639,0.838671,0.916702,23608.9,45251.3
XY,57.5,0.5373,0.843391,0,0.776786,67328.1,119628
XZ,57.5,0.5373,0,0.843391,0.722971,49254.3,84863.8
YZ,57.5,0,0.5373,0.843391,0.916448,23429.1,44900.6
XY,58,0.529919,0.848048,0,0.777998,66891.5,118933
XZ,58,0.529919,0,0.848048,0.723722,48717.9,83976.2
YZ,58,0,0.529919,0.848048,0.916186,23247.4,44546.3
XY,58.5,0.522499,0.85264,0,0.779231,66449.8,118230
XZ,58.5,0.522499,0,0.85264,0.724497,48177.8,83082.5
YZ,58.5,0,0.522499,0.85264,0.915917,23064,44188.6
XY,59,0.515038,0.857167,0,0.780485,66003,117517
XZ,59,0.515038,0,0.857167,0.725296,47634,82182.8
YZ,59,0,0.515038,0.857167,0.915639,22878.8,43827.5
XY,59.5,0.507538,0.861629,0,0.78176,65551.2,116797
XZ,59.5,0.507538,0,0.861629,0.72612,47086.6,81277.2
YZ,59.5,0,0.507538,0.861629,0.915354,22691.8,43462.9
XY,60,0.5,0.866025,0,0.783057,65094.5,116067
XZ,60,0.5,0,0.866025,0.72697,46535.6,80365.6
YZ,60,0,0.5,0.866025,0.915061,22503.2,43094.9
XY,60.5,0.492424,0.870356,0,0.784377,64632.7,115329
XZ,60.5,0.492424,0,0.870356,0.727848,45981.1,79448.4
YZ,60.5,0,0.492424,0.870356,0.914759,22312.8,42723.6
XY,61,0.48481,0.87462,0,0.785721,64166.1,114583
XZ,61,0.48481,0,0.87462,0.728755,45423.1,78525.3
YZ,61,0,0.48481,0.87462,0.91445,22120.7,42349
XY,61.5,0.477159,0.878817,0,0.787089,63694.5,113828
XZ,61.5,0.477159,0,0.878817,0.729692,44861.6,77596.7
YZ,61.5,0,0.477159,0.878817,0.914133,21927,41971.1
XY,62,0.469472,0.882948,0,0.788484,63218.1,113065
XZ,62,0.469472,0,0.882948,0.730661,44296.6,76662.5
YZ,62,0,0.469472,0.882948,0.913808,21731.5,41590
XY,62.5,0.461749,0.887011,0,0.789904,62736.9,112293
XZ,62.5,0.461749,0,0.887011,0.731664,43728.4,75722.8
YZ,62.5,0,0.461749,0.887011,0.913475,21534.4,41205.6
XY,63,0.45399,0.891007,0,0.791352,62250.9,111513
XZ,63,0.45399,0,0.891007,0.732701,43156.7,74777.7
YZ,63,0,0.45399,0.891007,0.913134,21335.7,40818.1
XY,63.5,0.446198,0.894934,0,0.792829,61760.2,110725
XZ,63.5,0.446198,0,0.894934,0.733775,42581.8,73827.3
YZ,63.5,0,0.446198,0.894934,0.912786,21135.4,40427.4
XY,64,0.438371,0.898794,0,0.794335,61264.8,109929
XZ,64,0.438371,0,0.898794,0.734888,42003.7,72871.7
YZ,64,0,0.438371,0.898794,0.91243,20933.4,40033.7
XY,64.5,0.430511,0.902585,0,0.795871,60764.7,109125
XZ,64.5,0.430511,0,0.902585,0.73604,41422.4,71910.9
YZ,64.5,0,0.430511,0.902585,0.912066,20729.9,39636.9
XY,65,0.422618,0.906308,0,0.797439,60259.9,108314
XZ,65,0.422618,0,0.906308,0.737235,40837.9,70945
YZ,65,0,0.422618,0.906308,0.911696,20524.7,39237
XY,65.5,0.414693,0.909961,0,0.79904,59750.6,107494
XZ,65.5,0.414693,0,0.909961,0.738475,40250.2,69974
YZ,65.5,0,0.414693,0.909961,0.911318,20318,38834.2
XY,66,0.406737,0.913545,0,0.800674,59236.7,106666
XZ,66,0.406737,0,0.913545,0.739761,39659.6,68998.2
YZ,66,0,0.406737,0.913545,0.910934,20109.8,38428.5
XY,66.5,0.398749,0.91706,0,0.802343,58718.4,105831
XZ,66.5,0.398749,0,0.91706,0.741095,39065.9,68017.4
YZ,66.5,0,0.398749,0.91706,0.910544,19900,38019.9
XY,67,0.390731,0.920505,0,0.804049,58195.5,104988
XZ,67,0.390731,0,0.920505,0.742482,38469.2,67031.9
YZ,67,0,0.390731,0.920505,0.910147,19688.7,37608.4
XY,67.5,0.382683,0.92388,0,0.805791,57668.2,104137
XZ,67.5,0.382683,0,0.92388,0.743922,37869.6,66041.6
YZ,67.5,0,0.382683,0.92388,0.909746,19476,37194.1
XY,68,0.374607,0.927184,0,0.807573,57136.6,103279
XZ,68,0.374607,0,0.927184,0.745419,37267.1,65046.7
YZ,68,0,0.374607,0.927184,0.909339,19261.7,36777.1
XY,68.5,0.366501,0.930418,0,0.809394,56600.5,102413
XZ,68.5,0.366501,0,0.930418,0.746976,36661.8,64047.3
YZ,68.5,0,0.366501,0.930418,0.908929,19045.9,36357.3
XY,69,0.358368,0.93358,0,0.811257,56060.2,101539
XZ,69,0.358368,0,0.93358,0.748596,36053.7,63043.3
YZ,69,0,0.358368,0.93358,0.908515,18828.8,35935
XY,69.5,0.350207,0.936672,0,0.813162,55515.6,100659
XZ,69.5,0.350207,0,0.936672,0.750281,35442.8,62034.9
YZ,69.5,0,0.350207,0.936672,0.908098,18610.1,35510
XY,70,0.34202,0.939693,0,0.815112,54966.8,99770.8
XZ,70,0.34202,0,0.939693,0.752037,34829.3,61022.2
YZ,70,0,0.34202,0.939693,0.90768,18390.1,35082.4
XY,70.5,0.333807,0.942641,0,0.817107,54413.8,98875.6
XZ,70.5,0.333807,0,0.942641,0.753865,34213.1,60005.1
YZ,70.5,0,0.333807,0.942641,0.907262,18168.7,34652.4
XY,71,0.325568,0.945519,0,0.819149,53856.6,97973.2
XZ,71,0.325568,0,0.945519,0.755771,33594.2,58983.8
YZ,71,0,0.325568,0.945519,0.906845,17945.8,34219.9
XY,71.5,0.317305,0.948324,0,0.82124,53295.3,97063.6
XZ,71.5,0.317305,0,0.948324,0.757759,32972.9,57958.4
YZ,71.5,0,0.317305,0.948324,0.90643,17721.6,33785.1
XY,72,0.309017,0.951057,0,0.823381,52730,96146.9
XZ,72,0.309017,0,0.951057,0.759833,32349,56928.8
YZ,72,0,0.309017,0.951057,0.90602,17496.1,33347.9
XY,72.5,0.300706,0.953717,0,0.825574,52160.7,95223.2
XZ,72.5,0.300706,0,0.953717,0.761997,31722.6,55895.2
YZ,72.5,0,0.300706,0.953717,0.905615,17269.2,32908.5
XY,73,0.292372,0.956305,0,0.827821,51587.4,94292.5
XZ,73,0.292372,0,0.956305,0.764258,31093.9,54857.6
YZ,73,0,0.292372,0.956305,0.905219,17041,32466.9
XY,73.5,0.284015,0.95882,0,0.830123,51010.1,93354.8
XZ,73.5,0.284015,0,0.95882,0.76662,30462.7,53816.1
YZ,73.5,0,0.284015,0.95882,0.904833,16811.6,32023.2
XY,74,0.275637,0.961262,0,0.832482,50429,92410.2
XZ,74,0.275637,0,0.961262,0.76909,29829.3,52770.7
YZ,74,0,0.275637,0.961262,0.904461,16580.8,31577.5
XY,74.5,0.267238,0.96363,0,0.834899,49844.1,91458.8
XZ,74.5,0.267238,0,0.96363,0.771673,29193.6,51721.5
YZ,74.5,0,0.267238,0.96363,0.904105,16348.8,31129.8
XY,75,0.258819,0.965926,0,0.837377,49255.3,90500.6
XZ,75,0.258819,0,0.965926,0.774377,28555.6,50668.4
YZ,75,0,0.258819,0.965926,0.903769,16115.5,30680.2
XY,75.5,0.25038,0.968148,0,0.839918,48662.8,89535.5
XZ,75.5,0.25038,0,0.968148,0.77721,27915.5,49611.7
YZ,75.5,0,0.25038,0.968148,0.903457,15881,30228.8
XY,76,0.241922,0.970296,0,0.842522,48066.6,88563.7
XZ,76,0.241922,0,0.970296,0.780178,27273.2,48551.2
YZ,76,0,0.241922,0.970296,0.903174,15645.3,29775.7
XY,76.5,0.233445,0.97237,0,0.845193,47466.7,87585.2
XZ,76.5,0.233445,0,0.97237,0.78329,26628.9,47487.1
YZ,76.5,0,0.233445,0.97237,0.902923,15408.4,29321
XY,77,0.224951,0.97437,0,0.847932,46863.2,86600
XZ,77,0.224951,0,0.97437,0.786556,25982.6,46419.3
YZ,77,0,0.224951,0.97437,0.902711,15170.3,28864.7
XY,77.5,0.21644,0.976296,0,0.85074,46256.2,85608.1
XZ,77.5,0.21644,0,0.976296,0.789986,25334.2,45347.9
YZ,77.5,0,0.21644,0.976296,0.902544,14931.1,28407
XY,78,0.207912,0.978148,0,0.853619,45645.6,84609.5
XZ,78,0.207912,0,0.978148,0.793589,24684,44272.9
YZ,78,0,0.207912,0.978148,0.902428,14690.7,27948
XY,78.5,0.199368,0.979925,0,0.856571,45031.5,83604.2
XZ,78.5,0.199368,0,0.979925,0.797378,24031.8,43194.3
YZ,78.5,0,0.199368,0.979925,0.902371,14449.2,27487.8
XY,79,0.190809,0.981627,0,0.859598,44414,82592.2
XZ,79,0.190809,0,0.981627,0.801365,23377.9,42112.1
YZ,79,0,0.190809,0.981627,0.902381,14206.6,27026.5
XY,79.5,0.182236,0.983255,0,0.862701,43793.2,81573.5
XZ,79.5,0.182236,0,0.983255,0.805563,22722.1,41026.2
YZ,79.5,0,0.182236,0.983255,0.902468,13963,26564.1
XY,80,0.173648,0.984808,0,0.86588,43169,80548.1
XZ,80,0.173648,0,0.984808,0.809986,22064.6,39936.7
YZ,80,0,0.173648,0.984808,0.90264,13718.2,26100.9
XY,80.5,0.165048,0.986286,0,0.869136,42541.5,79515.8
XZ,80.5,0.165048,0,0.986286,0.814648,21405.5,38843.4
YZ,80.5,0,0.165048,0.986286,0.90291,13472.5,25636.9
XY,81,0.156434,0.987688,0,0.872469,41910.7,78476.6
XZ,81,0.156434,0,0.987688,0.819566,20744.7,37746.3
YZ,81,0,0.156434,0.987688,0.903288,13225.7,25172.3
XY,81.5,0.147809,0.989016,0,0.875879,41276.8,77430.3
XZ,81.5,0.147809,0,0.989016,0.824755,20082.3,36645.3
YZ,81.5,0,0.147809,0.989016,0.903787,12977.9,24707.1
XY,82,0.139173,0.990268,0,0.879363,40639.7,76376.8
XZ,82,0.139173,0,0.990268,0.830231,19418.4,35540.2
YZ,82,0,0.139173,0.990268,0.904419,12729.1,24241.5
XY,82.5,0.130526,0.991445,0,0.882918,39999.6,75315.9
XZ,82.5,0.130526,0,0.991445,0.836009,18753,34430.7
YZ,82.5,0,0.130526,0.991445,0.905196,12479.3,23775.5
XY,83,0.121869,0.992546,0,0.886539,39356.4,74247.3
XZ,83,0.121869,0,0.992546,0.842105,18086.2,33316.7
YZ,83,0,0.121869,0.992546,0.906132,12228.6,23309.3
XY,83.5,0.113203,0.993572,0,0.890218,38710.2,73170.7
XZ,83.5,0.113203,0,0.993572,0.848528,17418,32197.7
YZ,83.5,0,0.113203,0.993572,0.907238,11976.9,22842.9
XY,84,0.104528,0.994522,0,0.893944,38061,72085.4
XZ,84,0.104528,0,0.994522,0.855286,16748.5,31073.3
YZ,84,0,0.104528,0.994522,0.908522,11724.4,22376.2
XY,84.5,0.0958458,0.995396,0,0.8977,37409,70991
XZ,84.5,0.0958458,0,0.995396,0.862377,16077.7,29942.8
YZ,84.5,0,0.0958458,0.995396,0.909989,11470.9,21909.3
XY,85,0.0871557,0.996195,0,0.901465,36754.1,69886.6
XZ,85,0.0871557,0,0.996195,0.869788,15405.7,28805.5
YZ,85,0,0.0871557,0.996195,0.91164,11216.6,21442.1
XY,85.5,0.0784591,0.996917,0,0.905208,36096.4,68771.1
XZ,85.5,0.0784591,0,0.996917,0.877488,14732.5,27660.2
YZ,85.5,0,0.0784591,0.996917,0.913465,10961.4,20974.3
XY,86,0.0697565,0.997564,0,0.908889,35435.9,67643.2
XZ,86,0.0697565,0,0.997564,0.885416,14058.2,26505.6
YZ,86,0,0.0697565,0.997564,0.915442,10705.4,20505.6
XY,86.5,0.0610485,0.998135,0,0.912452,34772.8,66501.3
XZ,86.5,0.0610485,0,0.998135,0.893476,13382.9,25340.1
YZ,86.5,0,0.0610485,0.998135,0.91753,10448.6,20035.5
XY,87,0.052336,0.99863,0,0.915824,34107,65343
XZ,87,0.052336,0,0.99863,0.901509,12706.5,24161.5
YZ,87,0,0.052336,0.99863,0.919666,10190.9,19563.2
XY,87.5,0.0436194,0.999048,0,0.91891,33438.6,64165.7
XZ,87.5,0.0436194,0,0.999048,0.909274,12029.1,22966.9
YZ,87.5,0,0.0436194,0.999048,0.92175,9932.54,19087.9
XY,88,0.0348995,0.999391,0,0.921584,32767.7,62965.8
XZ,88,0.0348995,0,0.999391,0.916413,11350.8,21752.9
YZ,88,0,0.0348995,0.999391,0.92364,9673.38,18608.1
XY,88.5,0.0261769,0.999657,0,0.923683,32094.2,61739.1
XZ,88.5,0.0261769,0,0.999657,0.922396,10671.7,20515.2
YZ,88.5,0,0.0261769,0.999657,0.925137,9413.49,18122.3
XY,89,0.0174524,0.999848,0,0.925006,31418.3,60480.5
XZ,89,0.0174524,0,0.999848,0.926467,9991.72,19248.7
YZ,89,0,0.0174524,0.999848,0.925977,9152.87,17628.2
XY,89.5,0.00872654,0.999962,0,0.925308,30740.1,59184.1
XZ,89.5,0.00872654,0,0.999962,0.927574,9311.01,17947.6
YZ,89.5,0,0.00872654,0.999962,0.925828,8891.57,17123.6
XY,90,6.12303e-017,1,0,0.924324,30059.5,57844.2
XZ,90,6.12303e-017,0,1,0.924324,8629.58,16606.1
YZ,90,0,6.12303e-017,1,0.924324,8629.58,16606.1
XY,90.5,-0.00872654,0.999962,0,0.925064,30743.7,59183.5
XZ,90.5,-0.00872654,0,0.999962,0.926765,9314.6,17947
YZ,90.5,0,-0.00872654,0.999962,0.925607,8852.01,17045.5
XY,91,-0.0174524,0.999848,0,0.924035,31425.5,60463.8
XZ,91,-0.0174524,0,0.999848,0.923417,9998.91,19232.1
YZ,91,0,-0.0174524,0.999848,0.92574,9073.77,17473.7
XY,91.5,-0.0261769,0.999657,0,0.921525,32105,61690.6
XZ,91.5,-0.0261769,0,0.999657,0.915912,10682.5,20466.7
YZ,91.5,0,-0.0261769,0.999657,0.925024,9294.84,17892.8
XY,92,-0.0348995,0.999391,0,0.917785,32782,62868.9
XZ,92,-0.0348995,0,0.999391,0.905462,11365.2,21656
YZ,92,0,-0.0348995,0.999391,0.923734,9515.21,18304.7
XY,92.5,-0.0436194,0.999048,0,0.913031,33456.6,64003.4
XZ,92.5,-0.0436194,0,0.999048,0.892961,12047.1,22804.6
YZ,92.5,0,-0.0436194,0.999048,0.922094,9734.84,18711.3
XY,93,-0.052336,0.99863,0,0.907446,34128.5,65098.3
XZ,93,-0.052336,0,0.99863,0.879067,12728,23916.8
YZ,93,0,-0.052336,0.99863,0.920274,9953.74,19113.9
XY,93.5,-0.0610485,0.998135,0,0.901183,34797.9,66157.2
XZ,93.5,-0.0610485,0,0.998135,0.864265,13408,24996.1
YZ,93.5,0,-0.0610485,0.998135,0.918398,10171.9,19513.7
XY,94,-0.0697565,0.997564,0,0.894371,35464.7,67183.2
XZ,94,-0.0697565,0,0.997564,0.848915,14087,26045.6
YZ,94,0,-0.0697565,0.997564,0.916552,10389.2,19911.5
XY,94.5,-0.0784591,0.996917,0,0.887118,36128.7,68179.1
XZ,94.5,-0.0784591,0,0.996917,0.833282,14764.9,27068.2
YZ,94.5,0,-0.0784591,0.996917,0.914793,10605.8,20307.9
XY,95,-0.0871557,0.996195,0,0.879515,36790,69147.3
XZ,95,-0.0871557,0,0.996195,0.817565,15441.6,28066.2
YZ,95,0,-0.0871557,0.996195,0.913159,10821.6,20703.4
XY,95.5,-0.0958458,0.995396,0,0.871638,37448.4,70089.9
XZ,95.5,-0.0958458,0,0.995396,0.801909,16117.2,29041.8
YZ,95.5,0,-0.0958458,0.995396,0.911671,11036.5,21098.2
XY,96,-0.104528,0.994522,0,0.863554,38104.1,71009
XZ,96,-0.104528,0,0.994522,0.786423,16791.6,29996.9
YZ,96,0,-0.104528,0.994522,0.910339,11250.6,21492.5
XY,96.5,-0.113203,0.993572,0,0.855316,38756.8,71906.1
XZ,96.5,-0.113203,0,0.993572,0.771185,17464.7,30933.2
YZ,96.5,0,-0.113203,0.993572,0.909164,11463.9,21886.4
XY,97,-0.121869,0.992546,0,0.846971,39406.6,72782.8
XZ,97,-0.121869,0,0.992546,0.756254,18136.4,31852.2
YZ,97,0,-0.121869,0.992546,0.908144,11676.2,22279.9
XY,97.5,-0.130526,0.991445,0,0.838559,40053.3,73640.4
XZ,97.5,-0.130526,0,0.991445,0.741671,18806.8,32755.2
YZ,97.5,0,-0.130526,0.991445,0.907272,11887.7,22673.1
XY,98,-0.139173,0.990268,0,0.830114,40697.1,74480.3
XZ,98,-0.139173,0,0.990268,0.727463,19475.7,33643.6
YZ,98,0,-0.139173,0.990268,0.906538,12098.3,23065.8
XY,98.5,-0.147809,0.989016,0,0.821664,41337.7,75303.4
XZ,98.5,-0.147809,0,0.989016,0.713649,20143.2,34518.3
YZ,98.5,0,-0.147809,0.989016,0.905934,12307.9,23458.1
XY,99,-0.156434,0.987688,0,0.813233,41975.2,76110.7
XZ,99,-0.156434,0,0.987688,0.700241,20809.1,35380.5
YZ,99,0,-0.156434,0.987688,0.905448,12516.7,23849.8
XY,99.5,-0.165048,0.986286,0,0.804842,42609.4,76903.3
XZ,99.5,-0.165048,0,0.986286,0.687244,21473.4,36230.9
YZ,99.5,0,-0.165048,0.986286,0.905069,12724.4,24240.9
XY,100,-0.173648,0.984808,0,0.796509,43240.5,77681.9
XZ,100,-0.173648,0,0.984808,0.674659,22136.2,37070.5
YZ,100,0,-0.173648,0.984808,0.904788,12931.2,24631.2
XY,100.5,-0.182236,0.983255,0,0.788249,43868.2,78447.3
XZ,100.5,-0.182236,0,0.983255,0.662485,22797.2,37900
YZ,100.5,0,-0.182236,0.983255,0.904595,13137,25020.7
XY,101,-0.190809,0.981627,0,0.780073,44492.6,79200.1
XZ,101,-0.190809,0,0.981627,0.650716,23456.5,38719.9
YZ,101,0,-0.190809,0.981627,0.904481,13341.8,25409.3
XY,101.5,-0.199368,0.979925,0,0.771993,45113.6,79941
XZ,101.5,-0.199368,0,0.979925,0.639346,24113.9,39531.1
YZ,101.5,0,-0.199368,0.979925,0.904436,13545.6,25796.8
XY,102,-0.207912,0.978148,0,0.764017,45731.2,80670.6
XZ,102,-0.207912,0,0.978148,0.628367,24769.6,40334
YZ,102,0,-0.207912,0.978148,0.904453,13748.4,26183.2
XY,102.5,-0.21644,0.976296,0,0.756151,46345.3,81389.3
XZ,102.5,-0.21644,0,0.976296,0.61777,25423.4,41129.2
YZ,102.5,0,-0.21644,0.976296,0.904525,13950.1,26568.3
XY,103,-0.224951,0.97437,0,0.748403,46955.9,82097.7
XZ,103,-0.224951,0,0.97437,0.607544,26075.2,41917.1
YZ,103,0,-0.224951,0.97437,0.904646,14150.8,26952.2
XY,103.5,-0.233445,0.97237,0,0.740775,47562.8,82796.2
XZ,103.5,-0.233445,0,0.97237,0.597679,26725.1,42698.1
YZ,103.5,0,-0.233445,0.97237,0.904808,14350.3,27334.6
XY,104,-0.241922,0.970296,0,0.733273,48166.2,83485.2
XZ,104,-0.241922,0,0.970296,0.588165,27372.9,43472.7
YZ,104,0,-0.241922,0.970296,0.905007,14548.8,27715.6
XY,104.5,-0.25038,0.968148,0,0.725897,48765.9,84165
XZ,104.5,-0.25038,0,0.968148,0.57899,28018.6,44241.1
YZ,104.5,0,-0.25038,0.968148,0.905237,14746.2,28095
XY,105,-0.258819,0.965926,0,0.718652,49361.9,84835.9
XZ,105,-0.258819,0,0.965926,0.570143,28662.2,45003.8
YZ,105,0,-0.258819,0.965926,0.905495,14942.4,28472.7
XY,105.5,-0.267238,0.96363,0,0.711537,49954.1,85498.3
XZ,105.5,-0.267238,0,0.96363,0.561614,29303.6,45760.9
YZ,105.5,0,-0.267238,0.96363,0.905776,15137.6,28848.8
XY,106,-0.275637,0.961262,0,0.704553,50542.5,86152.4
XZ,106,-0.275637,0,0.961262,0.55339,29942.8,46512.9
YZ,106,0,-0.275637,0.961262,0.906077,15331.5,29223.1
XY,106.5,-0.284015,0.95882,0,0.6977,51127.1,86798.5
XZ,106.5,-0.284015,0,0.95882,0.545462,30579.7,47259.8
YZ,106.5,0,-0.284015,0.95882,0.906395,15524.3,29595.5
XY,107,-0.292372,0.956305,0,0.690979,51707.8,87436.8
XZ,107,-0.292372,0,0.956305,0.537819,31214.3,48001.9
YZ,107,0,-0.292372,0.956305,0.906727,15715.9,29966
XY,107.5,-0.300706,0.953717,0,0.684388,52284.5,88067.4
XZ,107.5,-0.300706,0,0.953717,0.53045,31846.5,48739.4
YZ,107.5,0,-0.300706,0.953717,0.907069,15906.3,30334.5
XY,108,-0.309017,0.951057,0,0.677927,52857.3,88690.7
XZ,108,-0.309017,0,0.951057,0.523345,32476.3,49472.5
YZ,108,0,-0.309017,0.951057,0.907421,16095.5,30701
XY,108.5,-0.317305,0.948324,0,0.671593,53426,89306.6
XZ,108.5,-0.317305,0,0.948324,0.516494,33103.6,50201.3
YZ,108.5,0,-0.317305,0.948324,0.90778,16283.5,31065.4
XY,109,-0.325568,0.945519,0,0.665387,53990.7,89915.4
XZ,109,-0.325568,0,0.945519,0.509888,33728.3,50926
YZ,109,0,-0.325568,0.945519,0.908143,16470.2,31427.6
XY,109.5,-0.333807,0.942641,0,0.659305,54551.2,90517.1
XZ,109.5,-0.333807,0,0.942641,0.503517,34350.5,51646.6
YZ,109.5,0,-0.333807,0.942641,0.908511,16655.7,31787.6
XY,110,-0.34202,0.939693,0,0.653346,55107.6,91112
XZ,110,-0.34202,0,0.939693,0.497372,34970.1,52363.3
YZ,110,0,-0.34202,0.939693,0.90888,16839.9,32145.4
XY,110.5,-0.350207,0.936672,0,0.647507,55659.8,91700
XZ,110.5,-0.350207,0,0.936672,0.491444,35587.1,53076.1
YZ,110.5,0,-0.350207,0.936672,0.90925,17022.9,32500.9
XY,111,-0.358368,0.93358,0,0.641788,56207.8,92281.3
XZ,111,-0.358368,0,0.93358,0.485726,36201.3,53785.2
YZ,111,0,-0.358368,0.93358,0.909621,17204.5,32854.1
XY,111.5,-0.366501,0.930418,0,0.636185,56751.5,92855.9
XZ,111.5,-0.366501,0,0.930418,0.480208,36812.7,54490.5
YZ,111.5,0,-0.366501,0.930418,0.909989,17384.8,33204.9
XY,112,-0.374607,0.927184,0,0.630696,57290.8,93424
XZ,112,-0.374607,0,0.927184,0.474884,37421.4,55192.2
YZ,112,0,-0.374607,0.927184,0.910356,17563.8,33553.2
XY,112.5,-0.382683,0.92388,0,0.625319,57825.8,93985.5
XZ,112.5,-0.382683,0,0.92388,0.469745,38027.2,55890.3
YZ,112.5,0,-0.382683,0.92388,0.91072,17741.5,33899
XY,113,-0.390731,0.920505,0,0.620051,58356.4,94540.4
XZ,113,-0.390731,0,0.920505,0.464783,38630.1,56584.8
YZ,113,0,-0.390731,0.920505,0.911081,17917.8,34242.4
XY,113.5,-0.398749,0.91706,0,0.61489,58882.6,95088.9
XZ,113.5,-0.398749,0,0.91706,0.459993,39230.1,57275.7
YZ,113.5,0,-0.398749,0.91706,0.911437,18092.8,34583.2
XY,114,-0.406737,0.913545,0,0.609833,59404.3,95631
XZ,114,-0.406737,0,0.913545,0.455368,39827.1,57963
YZ,114,0,-0.406737,0.913545,0.911789,18266.3,34921.4
XY,114.5,-0.414693,0.909961,0,0.604878,59921.4,96166.6
XZ,114.5,-0.414693,0,0.909961,0.4509,40421,58646.9
YZ,114.5,0,-0.414693,0.909961,0.912136,18438.5,35256.9
XY,115,-0.422618,0.906308,0,0.600022,60434,96695.7
XZ,115,-0.422618,0,0.906308,0.446583,41011.9,59327.1
YZ,115,0,-0.422618,0.906308,0.912477,18609.3,35589.8
XY,115.5,-0.430511,0.902585,0,0.595263,60942,97218.5
XZ,115.5,-0.430511,0,0.902585,0.442412,41599.7,60003.9
YZ,115.5,0,-0.430511,0.902585,0.912813,18778.6,35920
XY,116,-0.438371,0.898794,0,0.590599,61445.3,97734.8
XZ,116,-0.438371,0,0.898794,0.438381,42184.2,60677
YZ,116,0,-0.438371,0.898794,0.913143,18946.6,36247.5
XY,116.5,-0.446198,0.894934,0,0.586026,61943.9,98244.7
XZ,116.5,-0.446198,0,0.894934,0.434484,42765.6,61346.6
YZ,116.5,0,-0.446198,0.894934,0.913466,19113.1,36572.2
XY,117,-0.45399,0.891007,0,0.581542,62437.9,98748.1
XZ,117,-0.45399,0,0.891007,0.430716,43343.7,62012.6
YZ,117,0,-0.45399,0.891007,0.913783,19278.1,36894.1
XY,117.5,-0.461749,0.887011,0,0.577145,62927.1,99245.1
XZ,117.5,-0.461749,0,0.887011,0.427072,43918.5,62674.9
YZ,117.5,0,-0.461749,0.887011,0.914093,19441.6,37213.1
XY,118,-0.469472,0.882948,0,0.572833,63411.5,99735.6
XZ,118,-0.469472,0,0.882948,0.423547,44490,63333.6
YZ,118,0,-0.469472,0.882948,0.914397,19603.7,37529.3
XY,118.5,-0.477159,0.878817,0,0.568603,63891,100220
XZ,118.5,-0.477159,0,0.878817,0.420136,45058.1,63988.6
YZ,118.5,0,-0.477159,0.878817,0.914693,19764.3,37842.6
XY,119,-0.48481,0.87462,0,0.564453,64365.7,100697
XZ,119,-0.48481,0,0.87462,0.416834,45622.7,64639.8
YZ,119,0,-0.48481,0.87462,0.914983,19923.4,38153
XY,119.5,-0.492424,0.870356,0,0.56038,64835.5,101168
XZ,119.5,-0.492424,0,0.870356,0.413638,46183.9,65287.3
YZ,119.5,0,-0.492424,0.870356,0.915266,20081,38460.4
XY,120,-0.5,0.866025,0,0.556383,65300.4,101632
XZ,120,-0.5,0,0.866025,0.410543,46741.6,65931
YZ,120,0,-0.5,0.866025,0.915541,20237,38764.8
XY,120.5,-0.507538,0.861629,0,0.552459,65760.3,102090
XZ,120.5,-0.507538,0,0.861629,0.407545,47295.7,66570.7
YZ,120.5,0,-0.507538,0.861629,0.91581,20391.5,39066.2
XY,121,-0.515038,0.857167,0,0.548606,66215.1,102541
XZ,121,-0.515038,0,0.857167,0.40464,47846.1,67206.6
YZ,121,0,-0.515038,0.857167,0.916071,20544.4,39364.6
XY,121.5,-0.522499,0.85264,0,0.544823,66665,102986
XZ,121.5,-0.522499,0,0.85264,0.401825,48393,67838.5
YZ,121.5,0,-0.522499,0.85264,0.916326,20695.8,39659.9
XY,122,-0.529919,0.848048,0,0.541106,67109.7,103423
XZ,122,-0.529919,0,0.848048,0.399096,48936.2,68466.4
YZ,122,0,-0.529919,0.848048,0.916573,20845.6,39952.2
XY,122.5,-0.5373,0.843391,0,0.537453,67549.4,103854
XZ,122.5,-0.5373,0,0.843391,0.39645,49475.6,69090.2
YZ,122.5,0,-0.5373,0.843391,0.916814,20993.8,40241.3
XY,123,-0.544639,0.838671,0,0.533864,67983.9,104278
XZ,123,-0.544639,0,0.838671,0.393883,50011.3,69709.9
YZ,123,0,-0.544639,0.838671,0.917047,21140.4,40527.2
XY,123.5,-0.551937,0.833886,0,0.530336,68413.2,104695
XZ,123.5,-0.551937,0,0.833886,0.391392,50543.1,70325.3
YZ,123.5,0,-0.551937,0.833886,0.917273,21285.5,40810
XY,124,-0.559193,0.829038,0,0.526867,68837.3,105105
XZ,124,-0.559193,0,0.829038,0.388975,51071.2,70936.6
YZ,124,0,-0.559193,0.829038,0.917493,21428.8,41089.6
XY,124.5,-0.566406,0.824126,0,0.523456,69256.2,105509
XZ,124.5,-0.566406,0,0.824126,0.386629,51595.3,71543.5
YZ,124.5,0,-0.566406,0.824126,0.917706,21570.6,41366
XY,125,-0.573576,0.819152,0,0.5201,69669.8,105905
XZ,125,-0.573576,0,0.819152,0.38435,52115.5,72146.1
YZ,125,0,-0.573576,0.819152,0.917912,21710.7,41639.2
XY,125.5,-0.580703,0.814116,0,0.516798,70078.1,106294
XZ,125.5,-0.580703,0,0.814116,0.382136,52631.7,72744.2
YZ,125.5,0,-0.580703,0.814116,0.918111,21849.2,41909.1
XY,126,-0.587785,0.809017,0,0.513548,70481.1,106677
XZ,126,-0.587785,0,0.809017,0.379985,53143.9,73337.8
YZ,126,0,-0.587785,0.809017,0.918304,21985.9,42175.7
XY,126.5,-0.594823,0.803857,0,0.510349,70878.7,107052
XZ,126.5,-0.594823,0,0.803857,0.377894,53652.1,73926.9
YZ,126.5,0,-0.594823,0.803857,0.91849,22121.1,42439.1
XY,127,-0.601815,0.798636,0,0.507199,71270.8,107419
XZ,127,-0.601815,0,0.798636,0.375861,54156.2,74511.4
YZ,127,0,-0.601815,0.798636,0.91867,22254.5,42699
XY,127.5,-0.608761,0.793353,0,0.504096,71657.6,107780
XZ,127.5,-0.608761,0,0.793353,0.373883,54656.1,75091.1
YZ,127.5,0,-0.608761,0.793353,0.918844,22386.2,42955.7
XY,128,-0.615661,0.788011,0,0.501039,72038.9,108133
XZ,128,-0.615661,0,0.788011,0.371958,55151.9,75666.2
YZ,128,0,-0.615661,0.788011,0.919011,22516.3,43209
XY,128.5,-0.622515,0.782608,0,0.498027,72414.7,108479
XZ,128.5,-0.622515,0,0.782608,0.370085,55643.5,76236.4
YZ,128.5,0,-0.622515,0.782608,0.919172,22644.6,43458.9
XY,129,-0.62932,0.777146,0,0.495058,72785.1,108818
XZ,129,-0.62932,0,0.777146,0.368262,56130.9,76801.8
YZ,129,0,-0.62932,0.777146,0.919327,22771.2,43705.4
XY,129.5,-0.636078,0.771625,0,0.49213,73149.8,109149
XZ,129.5,-0.636078,0,0.771625,0.366486,56614,77362.2
YZ,129.5,0,-0.636078,0.771625,0.919476,22896,43948.4
XY,130,-0.642788,0.766044,0,0.489242,73509,109473
XZ,130,-0.642788,0,0.766044,0.364755,57092.8,77917.6
YZ,130,0,-0.642788,0.766044,0.919619,23019.2,44188
XY,130.5,-0.649448,0.760406,0,0.486394,73862.6,109789
XZ,130.5,-0.649448,0,0.760406,0.363069,57567.2,78468
YZ,130.5,0,-0.649448,0.760406,0.919757,23140.5,44424.2
XY,131,-0.656059,0.75471,0,0.483583,74210.6,110098
XZ,131,-0.656059,0,0.75471,0.361424,58037.2,79013.3
YZ,131,0,-0.656059,0.75471,0.919888,23260.1,44656.9
XY,131.5,-0.66262,0.748956,0,0.480809,74552.9,110399
XZ,131.5,-0.66262,0,0.748956,0.35982,58502.9,79553.4
YZ,131.5,0,-0.66262,0.748956,0.920014,23378,44886
XY,132,-0.669131,0.743145,0,0.47807,74889.5,110692
XZ,132,-0.669131,0,0.743145,0.358255,58964,80088.2
YZ,132,0,-0.669131,0.743145,0.920135,23494,45111.7
XY,132.5,-0.67559,0.737277,0,0.475365,75220.5,110978
XZ,132.5,-0.67559,0,0.737277,0.356728,59420.7,80617.8
YZ,132.5,0,-0.67559,0.737277,0.92025,23608.3,45333.8
XY,133,-0.681998,0.731354,0,0.472693,75545.7,111256
XZ,133,-0.681998,0,0.731354,0.355237,59872.9,81141.9
YZ,133,0,-0.681998,0.731354,0.92036,23720.7,45552.4
XY,133.5,-0.688355,0.725374,0,0.470053,75865.1,111526
XZ,133.5,-0.688355,0,0.725374,0.353781,60320.5,81660.7
YZ,133.5,0,-0.688355,0.725374,0.920465,23831.4,45767.3
XY,134,-0.694658,0.71934,0,0.467444,76178.8,111788
XZ,134,-0.694658,0,0.71934,0.352358,60763.5,82173.9
YZ,134,0,-0.694658,0.71934,0.920564,23940.2,45978.8
XY,134.5,-0.700909,0.71325,0,0.464865,76486.7,112043
XZ,134.5,-0.700909,0,0.71325,0.350967,61201.8,82681.7
YZ,134.5,0,-0.700909,0.71325,0.920658,24047.3,46186.6
XY,135,-0.707107,0.707107,0,0.462314,76788.8,112289
XZ,135,-0.707107,0,0.707107,0.349607,61635.5,83183.8
YZ,135,0,-0.707107,0.707107,0.920748,24152.4,46390.8
XY,135.5,-0.71325,0.700909,0,0.459791,77085,112528
XZ,135.5,-0.71325,0,0.700909,0.348277,62064.6,83680.2
YZ,135.5,0,-0.71325,0.700909,0.920832,24255.8,46591.3
XY,136,-0.71934,0.694658,0,0.457295,77375.3,112759
XZ,136,-0.71934,0,0.694658,0.346976,62488.9,84171
YZ,136,0,-0.71934,0.694658,0.920912,24357.3,46788.2
XY,136.5,-0.725374,0.688355,0,0.454825,77659.7,112981
XZ,136.5,-0.725374,0,0.688355,0.345702,62908.4,84655.9
YZ,136.5,0,-0.725374,0.688355,0.920988,24456.9,46981.5
XY,137,-0.731354,0.681998,0,0.452379,77938.3,113196
XZ,137,-0.731354,0,0.681998,0.344455,63323.1,85135.1
YZ,137,0,-0.731354,0.681998,0.921058,24554.7,47171
XY,137.5,-0.737277,0.67559,0,0.449958,78210.9,113402
XZ,137.5,-0.737277,0,0.67559,0.343233,63733.1,85608.3
YZ,137.5,0,-0.737277,0.67559,0.921124,24650.6,47356.9
XY,138,-0.743145,0.669131,0,0.44756,78477.5,113601
XZ,138,-0.743145,0,0.669131,0.342036,64138.1,86075.7
YZ,138,0,-0.743145,0.669131,0.921186,24744.7,47539.1
XY,138.5,-0.748956,0.66262,0,0.445184,78738.2,113791
XZ,138.5,-0.748956,0,0.66262,0.340862,64538.3,86537
YZ,138.5,0,-0.748956,0.66262,0.921244,24836.8,47717.6
XY,139,-0.75471,0.656059,0,0.44283,78992.8,113973
XZ,139,-0.75471,0,0.656059,0.339712,64933.6,86992.3
YZ,139,0,-0.75471,0.656059,0.921297,24927.1,47892.3
XY,139.5,-0.760406,0.649448,0,0.440497,79241.5,114147
XZ,139.5,-0.760406,0,0.649448,0.338583,65323.9,87441.4
YZ,139.5,0,-0.760406,0.649448,0.921346,25015.4,48063.3
XY,140,-0.766044,0.642788,0,0.438184,79484.1,114313
XZ,140,-0.766044,0,0.642788,0.337475,65709.2,87884.5
YZ,140,0,-0.766044,0.642788,0.921391,25101.9,48230.6
XY,140.5,-0.771625,0.636078,0,0.43589,79720.7,114470
XZ,140.5,-0.771625,0,0.636078,0.336388,66089.6,88321.3
YZ,140.5,0,-0.771625,0.636078,0.921432,25186.5,48394.1
XY,141,-0.777146,0.62932,0,0.433614,79951.2,114619
XZ,141,-0.777146,0,0.62932,0.33532,66464.9,88751.9
YZ,141,0,-0.777146,0.62932,0.92147,25269.1,48553.8
XY,141.5,-0.782608,0.622515,0,0.431357,80175.6,114760
XZ,141.5,-0.782608,0,0.622515,0.334271,66835.1,89176.2
YZ,141.5,0,-0.782608,0.622515,0.921503,25349.8,48709.7
XY,142,-0.788011,0.615661,0,0.429116,80393.9,114892
XZ,142,-0.788011,0,0.615661,0.33324,67200.3,89594.1
YZ,142,0,-0.788011,0.615661,0.921533,25428.6,48861.8
XY,142.5,-0.793353,0.608761,0,0.426893,80606,115016
XZ,142.5,-0.793353,0,0.608761,0.332227,67560.3,90005.7
YZ,142.5,0,-0.793353,0.608761,0.921559,25505.4,49010.1
XY,143,-0.798636,0.601815,0,0.424685,80812.1,115132
XZ,143,-0.798636,0,0.601815,0.33123,67915.2,90410.8
YZ,143,0,-0.798636,0.601815,0.921582,25580.3,49154.6
XY,143.5,-0.803857,0.594823,0,0.422492,81012,115239
XZ,143.5,-0.803857,0,0.594823,0.33025,68265,90809.5
YZ,143.5,0,-0.803857,0.594823,0.921601,25653.2,49295.3
XY,144,-0.809017,0.587785,0,0.420314,81205.7,115338
XZ,144,-0.809017,0,0.587785,0.329285,68609.5,91201.6
YZ,144,0,-0.809017,0.587785,0.921617,25724.2,49432.1
XY,144.5,-0.814116,0.580703,0,0.41815,81393.2,115428
XZ,144.5,-0.814116,0,0.580703,0.328335,68948.8,91587.1
YZ,144.5,0,-0.814116,0.580703,0.92163,25793.3,49565.1
XY,145,-0.819152,0.573576,0,0.415999,81574.5,115509
XZ,145,-0.819152,0,0.573576,0.327399,69282.8,91966
YZ,145,0,-0.819152,0.573576,0.92164,25860.3,49694.2
XY,145.5,-0.824126,0.566406,0,0.413862,81749.6,115583
XZ,145.5,-0.824126,0,0.566406,0.326478,69611.6,92338.3
YZ,145.5,0,-0.824126,0.566406,0.921646,25925.4,49819.5
XY,146,-0.829038,0.559193,0,0.411737,81918.5,115647
XZ,146,-0.829038,0,0.559193,0.32557,69935.1,92703.8
YZ,146,0,-0.829038,0.559193,0.92165,25988.6,49940.9
XY,146.5,-0.833886,0.551937,0,0.409623,82081.2,115704
XZ,146.5,-0.833886,0,0.551937,0.324674,70253.2,93062.7
YZ,146.5,0,-0.833886,0.551937,0.92165,26049.7,50058.4
XY,147,-0.838671,0.544639,0,0.407521,82237.6,115751
XZ,147,-0.838671,0,0.544639,0.323792,70566,93414.7
YZ,147,0,-0.838671,0.544639,0.921648,26108.9,50172
XY,147.5,-0.843391,0.5373,0,0.40543,82387.7,115790
XZ,147.5,-0.843391,0,0.5373,0.322921,70873.5,93760
YZ,147.5,0,-0.843391,0.5373,0.921643,26166,50281.8
XY,148,-0.848048,0.529919,0,0.403349,82531.6,115821
XZ,148,-0.848048,0,0.529919,0.322061,71175.5,94098.4
YZ,148,0,-0.848048,0.529919,0.921636,26221.2,50387.6
XY,148.5,-0.85264,0.522499,0,0.401278,82669.2,115843
XZ,148.5,-0.85264,0,0.522499,0.321213,71472.1,94429.9
YZ,148.5,0,-0.85264,0.522499,0.921626,26274.4,50489.6
XY,149,-0.857167,0.515038,0,0.399216,82800.5,115856
XZ,149,-0.857167,0,0.515038,0.320375,71763.3,94754.4
YZ,149,0,-0.857167,0.515038,0.921613,26325.6,50587.6
XY,149.5,-0.861629,0.507538,0,0.397164,82925.5,115860
XZ,149.5,-0.861629,0,0.507538,0.319548,72049,95072.1
YZ,149.5,0,-0.861629,0.507538,0.921599,26374.8,50681.7
XY,150,-0.866025,0.5,0,0.395119,83044.1,115856
XZ,150,-0.866025,0,0.5,0.31873,72329.2,95382.7
YZ,150,0,-0.866025,0.5,0.921582,26421.9,50771.9
XY,150.5,-0.870356,0.492424,0,0.393083,83156.5,115844
XZ,150.5,-0.870356,0,0.492424,0.317923,72603.9,95686.3
YZ,150.5,0,-0.870356,0.492424,0.921562,26467.1,50858.2
XY,151,-0.87462,0.48481,0,0.391055,83262.5,115823
XZ,151,-0.87462,0,0.48481,0.317124,72873.1,95982.8
YZ,151,0,-0.87462,0.48481,0.921541,26510.2,50940.5
XY,151.5,-0.878817,0.477159,0,0.389034,83362.1,115793
XZ,151.5,-0.878817,0,0.477159,0.316334,73136.7,96272.3
YZ,151.5,0,-0.878817,0.477159,0.921518,26551.4,51018.9
XY,152,-0.882948,0.469472,0,0.38702,83455.5,115754
XZ,152,-0.882948,0,0.469472,0.315553,73394.7,96554.6
YZ,152,0,-0.882948,0.469472,0.921494,26590.5,51093.4
XY,152.5,-0.887011,0.461749,0,0.385012,83542.4,115707
XZ,152.5,-0.887011,0,0.461749,0.314779,73647.2,96829.8
YZ,152.5,0,-0.887011,0.461749,0.921467,26627.5,51163.9
XY,153,-0.891007,0.45399,0,0.383011,83623,115652
XZ,153,-0.891007,0,0.45399,0.314014,73894.1,97097.8
YZ,153,0,-0.891007,0.45399,0.921439,26662.6,51230.5
XY,153.5,-0.894934,0.446198,0,0.381016,83697.3,115587
XZ,153.5,-0.894934,0,0.446198,0.313257,74135.3,97358.7
YZ,153.5,0,-0.894934,0.446198,0.92141,26695.6,51293.2
XY,154,-0.898794,0.438371,0,0.379026,83765.1,115514
XZ,154,-0.898794,0,0.438371,0.312506,74370.9,97612.2
YZ,154,0,-0.898794,0.438371,0.921379,26726.6,51351.9
XY,154.5,-0.902585,0.430511,0,0.377041,83826.6,115433
XZ,154.5,-0.902585,0,0.430511,0.311763,74600.8,97858.6
YZ,154.5,0,-0.902585,0.430511,0.921347,26755.5,51406.7
XY,155,-0.906308,0.422618,0,0.375061,83881.7,115342
XZ,155,-0.906308,0,0.422618,0.311027,74825,98097.6
YZ,155,0,-0.906308,0.422618,0.921314,26782.5,51457.5
XY,155.5,-0.909961,0.414693,0,0.373086,83930.4,115244
XZ,155.5,-0.909961,0,0.414693,0.310298,75043.6,98329.4
YZ,155.5,0,-0.909961,0.414693,0.92128,26807.3,51504.4
XY,156,-0.913545,0.406737,0,0.371116,83972.7,115136
XZ,156,-0.913545,0,0.406737,0.309574,75256.4,98553.8
YZ,156,0,-0.913545,0.406737,0.921246,26830.2,51547.3
XY,156.5,-0.91706,0.398749,0,0.369149,84008.6,115020
XZ,156.5,-0.91706,0,0.398749,0.308857,75463.5,98770.9
YZ,156.5,0,-0.91706,0.398749,0.921211,26851,51586.3
XY,157,-0.920505,0.390731,0,0.367187,84038.2,114896
XZ,157,-0.920505,0,0.390731,0.308146,75664.8,98980.7
YZ,157,0,-0.920505,0.390731,0.921175,26869.7,51621.4
XY,157.5,-0.92388,0.382683,0,0.365228,84061.3,114763
XZ,157.5,-0.92388,0,0.382683,0.307441,75860.4,99183
YZ,157.5,0,-0.92388,0.382683,0.92114,26886.4,51652.5
XY,158,-0.927184,0.374607,0,0.363273,84078,114621
XZ,158,-0.927184,0,0.374607,0.306741,76050.2,99378
YZ,158,0,-0.927184,0.374607,0.921104,26901,51679.7
XY,158.5,-0.930418,0.366501,0,0.361321,84088.3,114471
XZ,158.5,-0.930418,0,0.366501,0.306047,76234.3,99565.5
YZ,158.5,0,-0.930418,0.366501,0.921069,26913.6,51703
XY,159,-0.93358,0.358368,0,0.359372,84092.3,114313
XZ,159,-0.93358,0,0.358368,0.305358,76412.5,99745.6
YZ,159,0,-0.93358,0.358368,0.921034,26924.2,51722.3
XY,159.5,-0.936672,0.350207,0,0.357426,84089.8,114146
XZ,159.5,-0.936672,0,0.350207,0.304674,76584.9,99918.3
YZ,159.5,0,-0.936672,0.350207,0.921,26932.7,51737.7
XY,160,-0.939693,0.34202,0,0.355483,84080.9,113970
XZ,160,-0.939693,0,0.34202,0.303996,76751.4,100084
YZ,160,0,-0.939693,0.34202,0.920966,26939.1,51749.2
XY,160.5,-0.942641,0.333807,0,0.353543,84065.6,113786
XZ,160.5,-0.942641,0,0.333807,0.303322,76912.1,100241
YZ,160.5,0,-0.942641,0.333807,0.920934,26943.5,51756.8
XY,161,-0.945519,0.325568,0,0.351606,84043.9,113594
XZ,161,-0.945519,0,0.325568,0.302652,77067,100392
YZ,161,0,-0.945519,0.325568,0.920904,26945.9,51760.5
XY,161.5,-0.948324,0.317305,0,0.349672,84015.8,113394
XZ,161.5,-0.948324,0,0.317305,0.301988,77216,100534
YZ,161.5,0,-0.948324,0.317305,0.920875,26946.2,51760.3
XY,162,-0.951057,0.309017,0,0.34774,83981.3,113185
XZ,162,-0.951057,0,0.309017,0.301328,77359.1,100670
YZ,162,0,-0.951057,0.309017,0.920849,26944.4,51756.2
XY,162.5,-0.953717,0.300706,0,0.345811,83940.4,112968
XZ,162.5,-0.953717,0,0.300706,0.300672,77496.3,100797
YZ,162.5,0,-0.953717,0.300706,0.920825,26940.6,51748.2
XY,163,-0.956305,0.292372,0,0.343885,83893.1,112743
XZ,163,-0.956305,0,0.292372,0.300021,77627.6,100918
YZ,163,0,-0.956305,0.292372,0.920804,26934.8,51736.4
XY,163.5,-0.95882,0.284015,0,0.341961,83839.5,112509
XZ,163.5,-0.95882,0,0.284015,0.299375,77753,101030
YZ,163.5,0,-0.95882,0.284015,0.920786,26926.9,51720.7
XY,164,-0.961262,0.275637,0,0.340041,83779.4,112268
XZ,164,-0.961262,0,0.275637,0.298733,77872.5,101136
YZ,164,0,-0.961262,0.275637,0.920772,26916.9,51701.2
XY,164.5,-0.96363,0.267238,0,0.338124,83713,112018
XZ,164.5,-0.96363,0,0.267238,0.298095,77986.1,101233
YZ,164.5,0,-0.96363,0.267238,0.920762,26904.9,51677.9
XY,165,-0.965926,0.258819,0,0.33621,83640.1,111761
XZ,165,-0.965926,0,0.258819,0.297461,78093.7,101324
YZ,165,0,-0.965926,0.258819,0.920757,26890.8,51650.7
XY,165.5,-0.968148,0.25038,0,0.334299,83561,111495
XZ,165.5,-0.968148,0,0.25038,0.296832,78195.4,101406
YZ,165.5,0,-0.968148,0.25038,0.920757,26874.7,51619.8
XY,166,-0.970296,0.241922,0,0.332393,83475.4,111222
XZ,166,-0.970296,0,0.241922,0.296207,78291.1,101481
YZ,166,0,-0.970296,0.241922,0.920764,26856.6,51585.1
XY,166.5,-0.97237,0.233445,0,0.330491,83383.5,110941
XZ,166.5,-0.97237,0,0.233445,0.295587,78380.8,101549
YZ,166.5,0,-0.97237,0.233445,0.920776,26836.4,51546.6
XY,167,-0.97437,0.224951,0,0.328594,83285.3,110652
XZ,167,-0.97437,0,0.224951,0.294971,78464.6,101609
YZ,167,0,-0.97437,0.224951,0.920796,26814.1,51504.4
XY,167.5,-0.976296,0.21644,0,0.326701,83180.7,110356
XZ,167.5,-0.976296,0,0.21644,0.29436,78542.4,101662
YZ,167.5,0,-0.976296,0.21644,0.920824,26789.8,51458.5
XY,168,-0.978148,0.207912,0,0.324815,83069.8,110052
XZ,168,-0.978148,0,0.207912,0.293753,78614.2,101707
YZ,168,0,-0.978148,0.207912,0.920861,26763.5,51409
XY,168.5,-0.979925,0.199368,0,0.322934,82952.5,109741
XZ,168.5,-0.979925,0,0.199368,0.293151,78680.1,101745
YZ,168.5,0,-0.979925,0.199368,0.920907,26735.1,51355.7
XY,169,-0.981627,0.190809,0,0.32106,82828.9,109422
XZ,169,-0.981627,0,0.190809,0.292554,78739.9,101776
YZ,169,0,-0.981627,0.190809,0.920964,26704.7,51298.8
XY,169.5,-0.983255,0.182236,0,0.319194,82699.1,109096
XZ,169.5,-0.983255,0,0.182236,0.291962,78793.8,101799
YZ,169.5,0,-0.983255,0.182236,0.921032,26672.3,51238.3
XY,170,-0.984808,0.173648,0,0.317336,82562.9,108763
XZ,170,-0.984808,0,0.173648,0.291376,78841.6,101814
YZ,170,0,-0.984808,0.173648,0.921112,26637.8,51174.3
XY,170.5,-0.986286,0.165048,0,0.315487,82420.4,108423
XZ,170.5,-0.986286,0,0.165048,0.290795,78883.5,101822
YZ,170.5,0,-0.986286,0.165048,0.921206,26601.3,51106.6
XY,171,-0.987688,0.156434,0,0.313647,82271.7,108076
XZ,171,-0.987688,0,0.156434,0.290219,78919.3,101823
YZ,171,0,-0.987688,0.156434,0.921313,26562.8,51035.5
XY,171.5,-0.989016,0.147809,0,0.311817,82116.7,107722
XZ,171.5,-0.989016,0,0.147809,0.289649,78949.1,101817
YZ,171.5,0,-0.989016,0.147809,0.921436,26522.3,50960.8
XY,172,-0.990268,0.139173,0,0.309999,81955.4,107361
XZ,172,-0.990268,0,0.139173,0.289085,78972.9,101803
YZ,172,0,-0.990268,0.139173,0.921575,26479.7,50882.7
XY,172.5,-0.991445,0.130526,0,0.308191,81787.9,106994
XZ,172.5,-0.991445,0,0.130526,0.288527,78990.7,101782
YZ,172.5,0,-0.991445,0.130526,0.92173,26435.1,50801.2
XY,173,-0.992546,0.121869,0,0.306395,81614.2,106620
XZ,173,-0.992546,0,0.121869,0.287975,79002.5,101753
YZ,173,0,-0.992546,0.121869,0.921903,26388.5,50716.2
XY,173.5,-0.993572,0.113203,0,0.304611,81434.2,106240
XZ,173.5,-0.993572,0,0.113203,0.287429,79008.3,101718
YZ,173.5,0,-0.993572,0.113203,0.922093,26339.9,50627.8
XY,174,-0.994522,0.104528,0,0.302837,81248.1,105853
XZ,174,-0.994522,0,0.104528,0.286889,79008.1,101675
YZ,174,0,-0.994522,0.104528,0.9223,26289.3,50536
XY,174.5,-0.995396,0.0958458,0,0.301074,81055.8,105460
XZ,174.5,-0.995396,0,0.0958458,0.286354,79001.8,101624
YZ,174.5,0,-0.995396,0.0958458,0.922524,26236.7,50440.7
XY,175,-0.996195,0.0871557,0,0.299318,80857.2,105059
XZ,175,-0.996195,0,0.0871557,0.285824,78989.5,101567
YZ,175,0,-0.996195,0.0871557,0.922764,26182.1,50342
XY,175.5,-0.996917,0.0784591,0,0.297567,80652.6,104652
XZ,175.5,-0.996917,0,0.0784591,0.285297,78971.2,101501
YZ,175.5,0,-0.996917,0.0784591,0.923016,26125.5,50239.8
XY,176,-0.997564,0.0697565,0,0.295815,80441.8,104238
XZ,176,-0.997564,0,0.0697565,0.284773,78946.9,101429
YZ,176,0,-0.997564,0.0697565,0.923277,26066.9,50133.9
XY,176.5,-0.998135,0.0610485,0,0.294056,80224.8,103815
XZ,176.5,-0.998135,0,0.0610485,0.284249,78916.6,101349
YZ,176.5,0,-0.998135,0.0610485,0.923541,26006.3,50024.3
XY,177,-0.99863,0.052336,0,0.29228,80001.8,103385
XZ,177,-0.99863,0,0.052336,0.283722,78880.3,101260
YZ,177,0,-0.99863,0.052336,0.923799,25943.8,49910.6
XY,177.5,-0.999048,0.0436194,0,0.290473,79772.7,102945
XZ,177.5,-0.999048,0,0.0436194,0.283189,78837.9,101164
YZ,177.5,0,-0.999048,0.0436194,0.924041,25879.3,49792.7
XY,178,-0.999391,0.0348995,0,0.288619,79537.5,102494
XZ,178,-0.999391,0,0.0348995,0.282645,78789.6,101059
YZ,178,0,-0.999391,0.0348995,0.924251,25812.7,49670.2
XY,178.5,-0.999657,0.0261769,0,0.286695,79296.2,102030
XZ,178.5,-0.999657,0,0.0261769,0.282083,78735.2,100945
YZ,178.5,0,-0.999657,0.0261769,0.92441,25744.3,49542.5
XY,179,-0.999848,0.0174524,0,0.284673,79048.9,101552
XZ,179,-0.999848,0,0.0174524,0.281495,78674.9,100821
YZ,179,0,-0.999848,0.0174524,0.924493,25673.9,49409.2
XY,179.5,-0.999962,0.00872654,0,0.282521,78795.6,101057
XZ,179.5,-0.999962,0,0.00872654,0.280873,78608.6,100688
YZ,179.5,0,-0.999962,0.00872654,0.924474,25601.5,49269.4
XY,180,-1,1.22461e-016,0,0.280207,78536.2,100543
XZ,180,-1,0,1.22461e-016,0.280207,78536.2,100543
YZ,180,0,-1,1.22461e-016,0.924324,25527.1,49122.5
XY,180.5,-0.999962,-0.00872654,0,0.282173,78756,100979
XZ,180.5,-0.999962,0,-0.00872654,0.280861,78607.2,100685
YZ,180.5,0,-0.999962,-0.00872654,0.924472,25600.1,49266.8
XY,181,-0.999848,-0.0174524,0,0.284003,78969.8,101397
XZ,181,-0.999848,0,-0.0174524,0.281473,78672.3,100816
YZ,181,0,-0.999848,-0.0174524,0.92449,25671.2,49404
XY,181.5,-0.999657,-0.0261769,0,0.285725,79177.6,101801
XZ,181.5,-0.999657,0,-0.0261769,0.28205,78731.3,100937
YZ,181.5,0,-0.999657,-0.0261769,0.924408,25740.3,49534.9
XY,182,-0.999391,-0.0348995,0,0.287365,79379.3,102190
XZ,182,-0.999391,0,-0.0348995,0.282602,78784.3,101049
YZ,182,0,-0.999391,-0.0348995,0.924252,25807.5,49660.1
XY,182.5,-0.999048,-0.0436194,0,0.288947,79575,102568
XZ,182.5,-0.999048,0,-0.0436194,0.283137,78831.3,101151
YZ,182.5,0,-0.999048,-0.0436194,0.924045,25872.7,49780.2
XY,183,-0.99863,-0.052336,0,0.29049,79764.6,102935
XZ,183,-0.99863,0,-0.052336,0.283661,78872.3,101245
YZ,183,0,-0.99863,-0.052336,0.923808,25935.9,49895.6
XY,183.5,-0.998135,-0.0610485,0,0.292009,79948.2,103294
XZ,183.5,-0.998135,0,-0.0610485,0.284178,78907.3,101331
YZ,183.5,0,-0.998135,-0.0610485,0.923554,25997.1,50006.8
XY,184,-0.997564,-0.0697565,0,0.293514,80125.6,103644
XZ,184,-0.997564,0,-0.0697565,0.284693,78936.4,101409
YZ,184,0,-0.997564,-0.0697565,0.923295,26056.4,50114.1
XY,184.5,-0.996917,-0.0784591,0,0.295015,80297,103986
XZ,184.5,-0.996917,0,-0.0784591,0.285209,78959.3,101479
YZ,184.5,0,-0.996917,-0.0784591,0.923038,26113.6,50217.5
XY,185,-0.996195,-0.0871557,0,0.296516,80462.2,104321
XZ,185,-0.996195,0,-0.0871557,0.285726,78976.3,101542
YZ,185,0,-0.996195,-0.0871557,0.92279,26168.9,50317.4
XY,185.5,-0.995396,-0.0958458,0,0.298023,80621.3,104648
XZ,185.5,-0.995396,0,-0.0958458,0.286247,78987.3,101597
YZ,185.5,0,-0.995396,-0.0958458,0.922555,26222.2,50413.7
XY,186,-0.994522,-0.104528,0,0.299538,80774.3,104969
XZ,186,-0.994522,0,-0.104528,0.286773,78992.2,101645
YZ,186,0,-0.994522,-0.104528,0.922334,26273.5,50506.5
XY,186.5,-0.993572,-0.113203,0,0.301063,80921.2,105284
XZ,186.5,-0.993572,0,-0.113203,0.287304,78991.2,101686
YZ,186.5,0,-0.993572,-0.113203,0.92213,26322.8,50595.9
XY,187,-0.992546,-0.121869,0,0.302598,81061.8,105591
XZ,187,-0.992546,0,-0.121869,0.287841,78984.1,101719
YZ,187,0,-0.992546,-0.121869,0.921943,26370.1,50681.8
XY,187.5,-0.991445,-0.130526,0,0.304145,81196.3,105892
XZ,187.5,-0.991445,0,-0.130526,0.288384,78971,101745
YZ,187.5,0,-0.991445,-0.130526,0.921773,26415.4,50764.4
XY,188,-0.990268,-0.139173,0,0.305703,81324.6,106186
XZ,188,-0.990268,0,-0.139173,0.288932,78951.9,101764
YZ,188,0,-0.990268,-0.139173,0.921621,26458.7,50843.5
XY,188.5,-0.989016,-0.147809,0,0.307273,81446.7,106473
XZ,188.5,-0.989016,0,-0.147809,0.289487,78926.8,101775
YZ,188.5,0,-0.989016,-0.147809,0.921484,26499.9,50919.2
XY,189,-0.987688,-0.156434,0,0.308853,81562.7,106753
XZ,189,-0.987688,0,-0.156434,0.290047,78895.6,101779
YZ,189,0,-0.987688,-0.156434,0.921363,26539.1,50991.3
XY,189.5,-0.986286,-0.165048,0,0.310443,81672.4,107027
XZ,189.5,-0.986286,0,-0.165048,0.290613,78858.5,101776
YZ,189.5,0,-0.986286,-0.165048,0.921257,26576.4,51060
XY,190,-0.984808,-0.173648,0,0.312043,81775.8,107293
XZ,190,-0.984808,0,-0.173648,0.291184,78815.3,101765
YZ,190,0,-0.984808,-0.173648,0.921165,26611.6,51125.2
XY,190.5,-0.983255,-0.182236,0,0.313651,81873.1,107553
XZ,190.5,-0.983255,0,-0.182236,0.291761,78766.2,101747
YZ,190.5,0,-0.983255,-0.182236,0.921086,26644.7,51186.8
XY,191,-0.981627,-0.190809,0,0.315269,81964.1,107805
XZ,191,-0.981627,0,-0.190809,0.292342,78711,101722
YZ,191,0,-0.981627,-0.190809,0.921019,26675.9,51244.8
XY,191.5,-0.979925,-0.199368,0,0.316894,82048.9,108050
XZ,191.5,-0.979925,0,-0.199368,0.292929,78649.9,101689
YZ,191.5,0,-0.979925,-0.199368,0.920963,26705,51299.3
XY,192,-0.978148,-0.207912,0,0.318526,82127.4,108287
XZ,192,-0.978148,0,-0.207912,0.293521,78582.8,101648
YZ,192,0,-0.978148,-0.207912,0.920917,26732,51350
XY,192.5,-0.976296,-0.21644,0,0.320165,82199.7,108517
XZ,192.5,-0.976296,0,-0.21644,0.294118,78509.7,101601
YZ,192.5,0,-0.976296,-0.21644,0.920881,26757.1,51397.2
XY,193,-0.97437,-0.224951,0,0.321811,82265.7,108740
XZ,193,-0.97437,0,-0.224951,0.294719,78430.6,101546
YZ,193,0,-0.97437,-0.224951,0.920853,26780.1,51440.6
XY,193.5,-0.97237,-0.233445,0,0.323463,82325.5,108955
XZ,193.5,-0.97237,0,-0.233445,0.295324,78345.5,101483
YZ,193.5,0,-0.97237,-0.233445,0.920833,26801,51480.3
XY,194,-0.970296,-0.241922,0,0.32512,82379,109162
XZ,194,-0.970296,0,-0.241922,0.295935,78254.5,101413
YZ,194,0,-0.970296,-0.241922,0.920821,26820,51516.3
XY,194.5,-0.968148,-0.25038,0,0.326782,82426.2,109362
XZ,194.5,-0.968148,0,-0.25038,0.296549,78157.5,101335
YZ,194.5,0,-0.968148,-0.25038,0.920814,26836.8,51548.6
XY,195,-0.965926,-0.258819,0,0.328449,82467.1,109553
XZ,195,-0.965926,0,-0.258819,0.297168,78054.5,101250
YZ,195,0,-0.965926,-0.258819,0.920814,26851.7,51577
XY,195.5,-0.96363,-0.267238,0,0.330121,82501.7,109737
XZ,195.5,-0.96363,0,-0.267238,0.297791,77945.6,101157
YZ,195.5,0,-0.96363,-0.267238,0.920818,26864.4,51601.7
XY,196,-0.961262,-0.275637,0,0.331797,82530.1,109913
XZ,196,-0.961262,0,-0.275637,0.298419,77830.8,101057
YZ,196,0,-0.961262,-0.275637,0.920828,26875.2,51622.6
XY,196.5,-0.95882,-0.284015,0,0.333478,82552.2,110082
XZ,196.5,-0.95882,0,-0.284015,0.299051,77710.1,100949
YZ,196.5,0,-0.95882,-0.284015,0.920841,26883.9,51639.7
XY,197,-0.956305,-0.292372,0,0.335163,82568,110242
XZ,197,-0.956305,0,-0.292372,0.299687,77583.4,100834
YZ,197,0,-0.956305,-0.292372,0.920859,26890.5,51652.9
XY,197.5,-0.953717,-0.300706,0,0.336852,82577.5,110394
XZ,197.5,-0.953717,0,-0.300706,0.300327,77450.8,100711
YZ,197.5,0,-0.953717,-0.300706,0.920879,26895.1,51662.3
XY,198,-0.951057,-0.309017,0,0.338545,82580.7,110538
XZ,198,-0.951057,0,-0.309017,0.300972,77312.3,100581
YZ,198,0,-0.951057,-0.309017,0.920902,26897.7,51667.8
XY,198.5,-0.948324,-0.317305,0,0.340242,82577.7,110674
XZ,198.5,-0.948324,0,-0.317305,0.301621,77168,100443
YZ,198.5,0,-0.948324,-0.317305,0.920928,26898.2,51669.5
XY,199,-0.945519,-0.325568,0,0.341943,82568.3,110802
XZ,199,-0.945519,0,-0.325568,0.302275,77017.7,100298
YZ,199,0,-0.945519,-0.325568,0.920956,26896.6,51667.3
XY,199.5,-0.942641,-0.333807,0,0.343647,82552.7,110922
XZ,199.5,-0.942641,0,-0.333807,0.302934,76861.6,100146
YZ,199.5,0,-0.942641,-0.333807,0.920986,26893,51661.2
XY,200,-0.939693,-0.34202,0,0.345357,82530.7,111033
XZ,200,-0.939693,0,-0.34202,0.303597,76699.7,99985.5
YZ,200,0,-0.939693,-0.34202,0.921017,26887.4,51651.2
XY,200.5,-0.936672,-0.350207,0,0.34707,82502.5,111137
XZ,200.5,-0.936672,0,-0.350207,0.304265,76531.9,99817.9
YZ,200.5,0,-0.936672,-0.350207,0.921049,26879.7,51637.3
XY,201,-0.93358,-0.358368,0,0.348787,82468,111232
XZ,201,-0.93358,0,-0.358368,0.304938,76358.3,99642.8
YZ,201,0,-0.93358,-0.358368,0.921083,26870,51619.5
XY,201.5,-0.930418,-0.366501,0,0.350509,82427.2,111319
XZ,201.5,-0.930418,0,-0.366501,0.305616,76178.8,99460.3
YZ,201.5,0,-0.930418,-0.366501,0.921117,26858.2,51597.7
XY,202,-0.927184,-0.374607,0,0.352235,82380.2,111397
XZ,202,-0.927184,0,-0.374607,0.3063,75993.6,99270.4
YZ,202,0,-0.927184,-0.374607,0.921151,26844.4,51572.1
XY,202.5,-0.92388,-0.382683,0,0.353966,82326.8,111468
XZ,202.5,-0.92388,0,-0.382683,0.306989,75802.5,99073
YZ,202.5,0,-0.92388,-0.382683,0.921186,26828.5,51542.5
XY,203,-0.920505,-0.390731,0,0.355702,82267.2,111530
XZ,203,-0.920505,0,-0.390731,0.307683,75605.7,98868.3
YZ,203,0,-0.920505,-0.390731,0.92122,26810.6,51509
XY,203.5,-0.91706,-0.398749,0,0.357443,82201.4,111584
XZ,203.5,-0.91706,0,-0.398749,0.308383,75403.2,98656.2
YZ,203.5,0,-0.91706,-0.398749,0.921255,26790.6,51471.6
XY,204,-0.913545,-0.406737,0,0.359189,82129.2,111629
XZ,204,-0.913545,0,-0.406737,0.309089,75194.9,98436.8
YZ,204,0,-0.913545,-0.406737,0.921289,26768.6,51430.3
XY,204.5,-0.909961,-0.414693,0,0.360941,82050.9,111666
XZ,204.5,-0.909961,0,-0.414693,0.309801,74980.8,98210
YZ,204.5,0,-0.909961,-0.414693,0.921322,26744.6,51385
XY,205,-0.906308,-0.422618,0,0.362698,81966.2,111695
XZ,205,-0.906308,0,-0.422618,0.31052,74761.1,97975.9
YZ,205,0,-0.906308,-0.422618,0.921355,26718.5,51335.8
XY,205.5,-0.902585,-0.430511,0,0.364462,81875.4,111716
XZ,205.5,-0.902585,0,-0.430511,0.311245,74535.7,97734.5
YZ,205.5,0,-0.902585,-0.430511,0.921387,26690.4,51282.6
XY,206,-0.898794,-0.438371,0,0.366231,81778.3,111728
XZ,206,-0.898794,0,-0.438371,0.311977,74304.6,97485.9
YZ,206,0,-0.898794,-0.438371,0.921418,26660.3,51225.5
XY,206.5,-0.894934,-0.446198,0,0.368008,81674.9,111732
XZ,206.5,-0.894934,0,-0.446198,0.312716,74067.8,97230
YZ,206.5,0,-0.894934,-0.446198,0.921448,26628.1,51164.5
XY,207,-0.891007,-0.45399,0,0.369791,81565.4,111728
XZ,207,-0.891007,0,-0.45399,0.313463,73825.4,96966.9
YZ,207,0,-0.891007,-0.45399,0.921476,26593.9,51099.6
XY,207.5,-0.887011,-0.461749,0,0.371581,81449.6,111715
XZ,207.5,-0.887011,0,-0.461749,0.314216,73577.3,96696.6
YZ,207.5,0,-0.887011,-0.461749,0.921503,26557.7,51030.7
XY,208,-0.882948,-0.469472,0,0.373379,81327.7,111694
XZ,208,-0.882948,0,-0.469472,0.314978,73323.7,96419.1
YZ,208,0,-0.882948,-0.469472,0.921529,26519.4,50957.9
XY,208.5,-0.878817,-0.477159,0,0.375185,81199.5,111664
XZ,208.5,-0.878817,0,-0.477159,0.315748,73064.5,96134.5
YZ,208.5,0,-0.878817,-0.477159,0.921552,26479.2,50881.1
XY,209,-0.87462,-0.48481,0,0.376999,81065.1,111627
XZ,209,-0.87462,0,-0.48481,0.316527,72799.7,95842.8
YZ,209,0,-0.87462,-0.48481,0.921574,26436.9,50800.5
XY,209.5,-0.870356,-0.492424,0,0.378822,80924.6,111581
XZ,209.5,-0.870356,0,-0.492424,0.317314,72529.4,95544
YZ,209.5,0,-0.870356,-0.492424,0.921595,26392.6,50715.9
XY,210,-0.866025,-0.5,0,0.380653,80777.9,111526
XZ,210,-0.866025,0,-0.5,0.318111,72253.5,95238.2
YZ,210,0,-0.866025,-0.5,0.921613,26346.3,50627.4
XY,210.5,-0.861629,-0.507538,0,0.382494,80625.1,111464
XZ,210.5,-0.861629,0,-0.507538,0.318917,71972.2,94925.3
YZ,210.5,0,-0.861629,-0.507538,0.921629,26298,50535
XY,211,-0.857167,-0.515038,0,0.384345,80466.1,111393
XZ,211,-0.857167,0,-0.515038,0.319732,71685.3,94605.5
YZ,211,0,-0.857167,-0.515038,0.921642,26247.7,50438.6
XY,211.5,-0.85264,-0.522499,0,0.386206,80301,111314
XZ,211.5,-0.85264,0,-0.522499,0.320558,71393.1,94278.7
YZ,211.5,0,-0.85264,-0.522499,0.921654,26195.4,50338.4
XY,212,-0.848048,-0.529919,0,0.388078,80129.8,111226
XZ,212,-0.848048,0,-0.529919,0.321395,71095.3,93945
YZ,212,0,-0.848048,-0.529919,0.921663,26141,50234.3
XY,212.5,-0.843391,-0.5373,0,0.389961,79952.5,111131
XZ,212.5,-0.843391,0,-0.5373,0.322243,70792.2,93604.5
YZ,212.5,0,-0.843391,-0.5373,0.921669,26084.8,50126.3
XY,213,-0.838671,-0.544639,0,0.391856,79769.1,111027
XZ,213,-0.838671,0,-0.544639,0.323102,70483.6,93257.1
YZ,213,0,-0.838671,-0.544639,0.921673,26026.5,50014.4
XY,213.5,-0.833886,-0.551937,0,0.393763,79579.6,110915
XZ,213.5,-0.833886,0,-0.551937,0.323973,70169.7,92902.8
YZ,213.5,0,-0.833886,-0.551937,0.921674,25966.2,49898.6
XY,214,-0.829038,-0.559193,0,0.395682,79384.1,110795
XZ,214,-0.829038,0,-0.559193,0.324856,69850.5,92541.9
YZ,214,0,-0.829038,-0.559193,0.921673,25904,49778.9
XY,214.5,-0.824126,-0.566406,0,0.397614,79182.5,110667
XZ,214.5,-0.824126,0,-0.566406,0.325753,69525.9,92174.2
YZ,214.5,0,-0.824126,-0.566406,0.921668,25839.7,49655.4
XY,215,-0.819152,-0.573576,0,0.399561,78974.9,110530
XZ,215,-0.819152,0,-0.573576,0.326662,69196.1,91799.8
YZ,215,0,-0.819152,-0.573576,0.921661,25773.6,49528
XY,215.5,-0.814116,-0.580703,0,0.401521,78761.3,110386
XZ,215.5,-0.814116,0,-0.580703,0.327585,68860.9,91418.8
YZ,215.5,0,-0.814116,-0.580703,0.92165,25705.4,49396.8
XY,216,-0.809017,-0.587785,0,0.403496,78541.6,110233
XZ,216,-0.809017,0,-0.587785,0.328523,68520.6,91031.2
YZ,216,0,-0.809017,-0.587785,0.921636,25635.3,49261.7
XY,216.5,-0.803857,-0.594823,0,0.405487,78316,110072
XZ,216.5,-0.803857,0,-0.594823,0.329476,68175,90637
YZ,216.5,0,-0.803857,-0.594823,0.921619,25563.2,49122.8
XY,217,-0.798636,-0.601815,0,0.407493,78084.4,109903
XZ,217,-0.798636,0,-0.601815,0.330444,67824.2,90236.3
YZ,217,0,-0.798636,-0.601815,0.921599,25489.2,48980.1
XY,217.5,-0.793353,-0.608761,0,0.409517,77846.9,109727
XZ,217.5,-0.793353,0,-0.608761,0.331428,67468.3,89829.1
YZ,217.5,0,-0.793353,-0.608761,0.921575,25413.3,48833.6
XY,218,-0.788011,-0.615661,0,0.411557,77603.5,109542
XZ,218,-0.788011,0,-0.615661,0.332429,67107.2,89415.6
YZ,218,0,-0.788011,-0.615661,0.921548,25335.4,48683.2
XY,218.5,-0.782608,-0.622515,0,0.413616,77354.1,109349
XZ,218.5,-0.782608,0,-0.622515,0.333448,66741,88995.6
YZ,218.5,0,-0.782608,-0.622515,0.921517,25255.6,48529.1
XY,219,-0.777146,-0.62932,0,0.415693,77098.9,109148
XZ,219,-0.777146,0,-0.62932,0.334484,66369.7,88569.3
YZ,219,0,-0.777146,-0.62932,0.921482,25173.9,48371.2
XY,219.5,-0.771625,-0.636078,0,0.417789,76837.8,108940
XZ,219.5,-0.771625,0,-0.636078,0.335539,65993.4,88136.7
YZ,219.5,0,-0.771625,-0.636078,0.921444,25090.2,48209.5
XY,220,-0.766044,-0.642788,0,0.419905,76570.8,108723
XZ,220,-0.766044,0,-0.642788,0.336614,65612,87697.9
YZ,220,0,-0.766044,-0.642788,0.921402,25004.7,48044
XY,220.5,-0.760406,-0.649448,0,0.422043,76298,108499
XZ,220.5,-0.760406,0,-0.649448,0.337709,65225.6,87252.9
YZ,220.5,0,-0.760406,-0.649448,0.921356,24917.2,47874.8
XY,221,-0.75471,-0.656059,0,0.424201,76019.4,108267
XZ,221,-0.75471,0,-0.656059,0.338825,64834.3,86801.8
YZ,221,0,-0.75471,-0.656059,0.921306,24827.8,47701.9
XY,221.5,-0.748956,-0.66262,0,0.426382,75735,108027
XZ,221.5,-0.748956,0,-0.66262,0.339963,64438.1,86344.6
YZ,221.5,0,-0.748956,-0.66262,0.921251,24736.6,47525.2
XY,222,-0.743145,-0.669131,0,0.428587,75444.8,107779
XZ,222,-0.743145,0,-0.669131,0.341123,64036.9,85881.3
YZ,222,0,-0.743145,-0.669131,0.921193,24643.4,47344.8
XY,222.5,-0.737277,-0.67559,0,0.430815,75148.9,107524
XZ,222.5,-0.737277,0,-0.67559,0.342307,63630.8,85412.1
YZ,222.5,0,-0.737277,-0.67559,0.92113,24548.4,47160.7
XY,223,-0.731354,-0.681998,0,0.433068,74847.2,107261
XZ,223,-0.731354,0,-0.681998,0.343516,63220,84937
YZ,223,0,-0.731354,-0.681998,0.921063,24451.5,46973
XY,223.5,-0.725374,-0.688355,0,0.435347,74539.9,106991
XZ,223.5,-0.725374,0,-0.688355,0.344749,62804.3,84456
YZ,223.5,0,-0.725374,-0.688355,0.920991,24352.8,46781.5
XY,224,-0.71934,-0.694658,0,0.437653,74226.9,106712
XZ,224,-0.71934,0,-0.694658,0.34601,62383.8,83969.2
YZ,224,0,-0.71934,-0.694658,0.920915,24252.2,46586.4
XY,224.5,-0.71325,-0.700909,0,0.439986,73908.2,106427
XZ,224.5,-0.71325,0,-0.700909,0.347298,61958.5,83476.6
YZ,224.5,0,-0.71325,-0.700909,0.920834,24149.8,46387.7
XY,225,-0.707107,-0.707107,0,0.442348,73583.9,106134
XZ,225,-0.707107,0,-0.707107,0.348614,61528.6,82978.3
YZ,225,0,-0.707107,-0.707107,0.920748,24045.5,46185.3
XY,225.5,-0.700909,-0.71325,0,0.444739,73254,105833
XZ,225.5,-0.700909,0,-0.71325,0.34996,61093.9,82474.4
YZ,225.5,0,-0.700909,-0.71325,0.920657,23939.4,45979.3
XY,226,-0.694658,-0.71934,0,0.447161,72918.5,105525
XZ,226,-0.694658,0,-0.71934,0.351337,60654.6,81964.9
YZ,226,0,-0.694658,-0.71934,0.920562,23831.4,45769.7
XY,226.5,-0.688355,-0.725374,0,0.449615,72577.5,105209
XZ,226.5,-0.688355,0,-0.725374,0.352747,60210.7,81449.8
YZ,226.5,0,-0.688355,-0.725374,0.920461,23721.7,45556.5
XY,227,-0.681998,-0.731354,0,0.452102,72231,104887
XZ,227,-0.681998,0,-0.731354,0.354189,59762.2,80929.3
YZ,227,0,-0.681998,-0.731354,0.920355,23610.1,45339.8
XY,227.5,-0.67559,-0.737277,0,0.454623,71878.9,104557
XZ,227.5,-0.67559,0,-0.737277,0.355666,59309.2,80403.4
YZ,227.5,0,-0.67559,-0.737277,0.920244,23496.7,45119.5
XY,228,-0.669131,-0.743145,0,0.457179,71521.4,104219
XZ,228,-0.669131,0,-0.743145,0.357179,58851.6,79872.2
YZ,228,0,-0.669131,-0.743145,0.920128,23381.6,44895.6
XY,228.5,-0.66262,-0.748956,0,0.459771,71158.4,103875
XZ,228.5,-0.66262,0,-0.748956,0.35873,58389.6,79335.6
YZ,228.5,0,-0.66262,-0.748956,0.920006,23264.7,44668.3
XY,229,-0.656059,-0.75471,0,0.462402,70790,103523
XZ,229,-0.656059,0,-0.75471,0.360319,57923.1,78793.9
YZ,229,0,-0.656059,-0.75471,0.919878,23146,44437.4
XY,229.5,-0.649448,-0.760406,0,0.465071,70416.2,103165
XZ,229.5,-0.649448,0,-0.760406,0.361949,57452.2,78246.9
YZ,229.5,0,-0.649448,-0.760406,0.919745,23025.5,44203.1
XY,230,-0.642788,-0.766044,0,0.46778,70037,102799
XZ,230,-0.642788,0,-0.766044,0.363621,56976.9,77694.9
YZ,230,0,-0.642788,-0.766044,0.919606,22903.3,43965.3
XY,230.5,-0.636078,-0.771625,0,0.470531,69652.6,102426
XZ,230.5,-0.636078,0,-0.771625,0.365337,56497.3,77137.8
YZ,230.5,0,-0.636078,-0.771625,0.919462,22779.3,43724
XY,231,-0.62932,-0.777146,0,0.473325,69262.8,102047
XZ,231,-0.62932,0,-0.777146,0.367099,56013.3,76575.8
YZ,231,0,-0.62932,-0.777146,0.919311,22653.6,43479.3
XY,231.5,-0.622515,-0.782608,0,0.476164,68867.7,101660
XZ,231.5,-0.622515,0,-0.782608,0.368908,55525.1,76008.8
YZ,231.5,0,-0.622515,-0.782608,0.919155,22526.2,43231.3
XY,232,-0.615661,-0.788011,0,0.479049,68467.4,101267
XZ,232,-0.615661,0,-0.788011,0.370766,55032.7,75437
YZ,232,0,-0.615661,-0.788011,0.918992,22397.1,42979.8
XY,232.5,-0.608761,-0.793353,0,0.481981,68061.9,100866
XZ,232.5,-0.608761,0,-0.793353,0.372675,54536.1,74860.4
YZ,232.5,0,-0.608761,-0.793353,0.918823,22266.2,42724.9
XY,233,-0.601815,-0.798636,0,0.484962,67651.2,100459
XZ,233,-0.601815,0,-0.798636,0.374638,54035.4,74279
YZ,233,0,-0.601815,-0.798636,0.918648,22133.7,42466.7
XY,233.5,-0.594823,-0.803857,0,0.487995,67235.3,100046
XZ,233.5,-0.594823,0,-0.803857,0.376656,53530.5,73693.1
YZ,233.5,0,-0.594823,-0.803857,0.918466,21999.5,42205.2
XY,234,-0.587785,-0.809017,0,0.49108,66814.3,99625.5
XZ,234,-0.587785,0,-0.809017,0.378732,53021.5,73102.5
YZ,234,0,-0.587785,-0.809017,0.918278,21863.6,41940.4
XY,234.5,-0.580703,-0.814116,0,0.494219,66388.3,99198.6
XZ,234.5,-0.580703,0,-0.814116,0.380867,52508.5,72507.3
YZ,234.5,0,-0.580703,-0.814116,0.918083,21726,41672.3
XY,235,-0.573576,-0.819152,0,0.497415,65957.1,98765.2
XZ,235,-0.573576,0,-0.819152,0.383066,51991.6,71907.7
YZ,235,0,-0.573576,-0.819152,0.917882,21586.8,41400.9
XY,235.5,-0.566406,-0.824126,0,0.500668,65521,98325.3
XZ,235.5,-0.566406,0,-0.824126,0.385329,51470.6,71303.7
YZ,235.5,0,-0.566406,-0.824126,0.917674,21445.9,41126.3
XY,236,-0.559193,-0.829038,0,0.503981,65079.9,97878.9
XZ,236,-0.559193,0,-0.829038,0.38766,50945.7,70695.4
YZ,236,0,-0.559193,-0.829038,0.917459,21303.4,40848.4
XY,236.5,-0.551937,-0.833886,0,0.507357,64633.8,97426.1
XZ,236.5,-0.551937,0,-0.833886,0.390061,50417,70082.7
YZ,236.5,0,-0.551937,-0.833886,0.917237,21159.3,40567.4
XY,237,-0.544639,-0.838671,0,0.510796,64182.8,96967
XZ,237,-0.544639,0,-0.838671,0.392536,49884.4,69465.8
YZ,237,0,-0.544639,-0.838671,0.917009,21013.6,40283.2
XY,237.5,-0.5373,-0.843391,0,0.514301,63726.9,96501.6
XZ,237.5,-0.5373,0,-0.843391,0.395087,49348,68844.8
YZ,237.5,0,-0.5373,-0.843391,0.916773,20866.2,39995.8
XY,238,-0.529919,-0.848048,0,0.517874,63266.1,96030
XZ,238,-0.529919,0,-0.848048,0.397717,48807.9,68219.6
YZ,238,0,-0.529919,-0.848048,0.91653,20717.3,39705.4
XY,238.5,-0.522499,-0.85264,0,0.521517,62800.5,95552.1
XZ,238.5,-0.522499,0,-0.85264,0.400431,48264,67590.4
YZ,238.5,0,-0.522499,-0.85264,0.91628,20566.8,39411.8
XY,239,-0.515038,-0.857167,0,0.525234,62330.2,95068.1
XZ,239,-0.515038,0,-0.857167,0.40323,47716.5,66957.2
YZ,239,0,-0.515038,-0.857167,0.916023,20414.8,39115.2
XY,239.5,-0.507538,-0.861629,0,0.529025,61855.1,94577.9
XZ,239.5,-0.507538,0,-0.861629,0.406118,47165.3,66320
YZ,239.5,0,-0.507538,-0.861629,0.915759,20261.1,38815.5
XY,240,-0.5,-0.866025,0,0.532893,61375.3,94081.7
XZ,240,-0.5,0,-0.866025,0.4091,46610.5,65678.9
YZ,240,0,-0.5,-0.866025,0.915488,20106,38512.8
XY,240.5,-0.492424,-0.870356,0,0.536841,60890.8,93579.4
XZ,240.5,-0.492424,0,-0.870356,0.412179,46052.2,65034
YZ,240.5,0,-0.492424,-0.870356,0.91521,19949.3,38207.1
XY,241,-0.48481,-0.87462,0,0.540871,60401.7,93071.2
XZ,241,-0.48481,0,-0.87462,0.415359,45490.4,64385.3
YZ,241,0,-0.48481,-0.87462,0.914924,19791.1,37898.4
XY,241.5,-0.477159,-0.878817,0,0.544986,59907.9,92556.9
XZ,241.5,-0.477159,0,-0.878817,0.418645,44925.1,63732.8
YZ,241.5,0,-0.477159,-0.878817,0.914631,19631.4,37586.8
XY,242,-0.469472,-0.882948,0,0.549189,59409.7,92036.8
XZ,242,-0.469472,0,-0.882948,0.42204,44356.4,63076.6
YZ,242,0,-0.469472,-0.882948,0.914332,19470.2,37272.3
XY,242.5,-0.461749,-0.887011,0,0.553481,58906.8,91510.7
XZ,242.5,-0.461749,0,-0.887011,0.425549,43784.3,62416.7
YZ,242.5,0,-0.461749,-0.887011,0.914025,19307.5,36955
XY,243,-0.45399,-0.891007,0,0.557867,58399.6,90978.7
XZ,243,-0.45399,0,-0.891007,0.429178,43208.9,61753.2
YZ,243,0,-0.45399,-0.891007,0.913711,19143.3,36634.7
XY,243.5,-0.446198,-0.894934,0,0.562348,57887.8,90440.9
XZ,243.5,-0.446198,0,-0.894934,0.43293,42630.2,61086.1
YZ,243.5,0,-0.446198,-0.894934,0.913391,18977.7,36311.7
XY,244,-0.438371,-0.898794,0,0.566927,57371.7,89897.2
XZ,244,-0.438371,0,-0.898794,0.436811,42048.3,60415.4
YZ,244,0,-0.438371,-0.898794,0.913064,18810.6,35985.9
XY,244.5,-0.430511,-0.902585,0,0.571609,56851.1,89347.7
XZ,244.5,-0.430511,0,-0.902585,0.440826,41463.1,59741.1
YZ,244.5,0,-0.430511,-0.902585,0.912731,18642.1,35657.3
XY,245,-0.422618,-0.906308,0,0.576394,56326.3,88792.4
XZ,245,-0.422618,0,-0.906308,0.444982,40874.8,59063.3
YZ,245,0,-0.422618,-0.906308,0.912392,18472.2,35326
XY,245.5,-0.414693,-0.909961,0,0.581287,55797.2,88231.3
XZ,245.5,-0.414693,0,-0.909961,0.449283,40283.4,58382
YZ,245.5,0,-0.414693,-0.909961,0.912046,18300.9,34992.1
XY,246,-0.406737,-0.913545,0,0.58629,55263.8,87664.3
XZ,246,-0.406737,0,-0.913545,0.453735,39688.9,57697.1
YZ,246,0,-0.406737,-0.913545,0.911695,18128.1,34655.5
XY,246.5,-0.398749,-0.91706,0,0.591406,54726.2,87091.6
XZ,246.5,-0.398749,0,-0.91706,0.458346,39091.4,57008.7
YZ,246.5,0,-0.398749,-0.91706,0.911339,17954,34316.2
XY,247,-0.390731,-0.920505,0,0.596639,54184.4,86513
XZ,247,-0.390731,0,-0.920505,0.463122,38490.9,56316.8
YZ,247,0,-0.390731,-0.920505,0.910979,17778.6,33974.4
XY,247.5,-0.382683,-0.92388,0,0.601992,53638.5,85928.5
XZ,247.5,-0.382683,0,-0.92388,0.468068,37887.4,55621.4
YZ,247.5,0,-0.382683,-0.92388,0.910614,17601.7,33630.1
XY,248,-0.374607,-0.927184,0,0.607468,53088.5,85338.1
XZ,248,-0.374607,0,-0.927184,0.473193,37281.1,54922.3
YZ,248,0,-0.374607,-0.927184,0.910245,17423.6,33283.3
XY,248.5,-0.366501,-0.930418,0,0.613069,52534.5,84741.8
XZ,248.5,-0.366501,0,-0.930418,0.478504,36672,54219.7
YZ,248.5,0,-0.366501,-0.930418,0.909874,17244.1,32934
XY,249,-0.358368,-0.93358,0,0.618799,51976.5,84139.5
XZ,249,-0.358368,0,-0.93358,0.484009,36060,53513.4
YZ,249,0,-0.358368,-0.93358,0.9095,17063.3,32582.3
XY,249.5,-0.350207,-0.936672,0,0.624662,51414.5,83531.2
XZ,249.5,-0.350207,0,-0.936672,0.489714,35445.4,52803.5
YZ,249.5,0,-0.350207,-0.936672,0.909125,16881.2,32228.3
XY,250,-0.34202,-0.939693,0,0.630659,50848.6,82916.8
XZ,250,-0.34202,0,-0.939693,0.495629,34828,52089.7
YZ,250,0,-0.34202,-0.939693,0.90875,16697.8,31871.9
XY,250.5,-0.333807,-0.942641,0,0.636794,50278.9,82296.2
XZ,250.5,-0.333807,0,-0.942641,0.501763,34207.9,51372.2
YZ,250.5,0,-0.333807,-0.942641,0.908375,16513.1,31513.2
XY,251,-0.325568,-0.945519,0,0.64307,49705.3,81669.3
XZ,251,-0.325568,0,-0.945519,0.508123,33585.3,50650.7
YZ,251,0,-0.325568,-0.945519,0.908002,16327.2,31152.4
XY,251.5,-0.317305,-0.948324,0,0.64949,49127.9,81036
XZ,251.5,-0.317305,0,-0.948324,0.514719,32960.1,49925.3
YZ,251.5,0,-0.317305,-0.948324,0.907633,16140,30789.3
XY,252,-0.309017,-0.951057,0,0.656056,48546.8,80396.2
XZ,252,-0.309017,0,-0.951057,0.521561,32332.4,49195.7
YZ,252,0,-0.309017,-0.951057,0.907269,15951.7,30424.1
XY,252.5,-0.300706,-0.953717,0,0.66277,47962,79749.7
XZ,252.5,-0.300706,0,-0.953717,0.528657,31702.2,48461.8
YZ,252.5,0,-0.300706,-0.953717,0.906912,15762.1,30056.8
XY,253,-0.292372,-0.956305,0,0.669636,47373.5,79096.5
XZ,253,-0.292372,0,-0.956305,0.536019,31069.6,47723.5
YZ,253,0,-0.292372,-0.956305,0.906564,15571.2,29687.6
XY,253.5,-0.284015,-0.95882,0,0.676654,46781.4,78436.2
XZ,253.5,-0.284015,0,-0.95882,0.543657,30434.7,46980.7
YZ,253.5,0,-0.284015,-0.95882,0.906226,15379.3,29316.3
XY,254,-0.275637,-0.961262,0,0.683826,46185.8,77768.8
XZ,254,-0.275637,0,-0.961262,0.55158,29797.4,46233
YZ,254,0,-0.275637,-0.961262,0.905903,15186.1,28943.2
XY,254.5,-0.267238,-0.96363,0,0.691154,45586.6,77094
XZ,254.5,-0.267238,0,-0.96363,0.5598,29157.8,45480.4
YZ,254.5,0,-0.267238,-0.96363,0.905596,14991.8,28568.3
XY,255,-0.258819,-0.965926,0,0.698639,44984,76411.6
XZ,255,-0.258819,0,-0.965926,0.568328,28516.1,44722.6
YZ,255,0,-0.258819,-0.965926,0.905309,14796.3,28191.6
XY,255.5,-0.25038,-0.968148,0,0.706281,44377.9,75721.2
XZ,255.5,-0.25038,0,-0.968148,0.577175,27872.1,43959.3
YZ,255.5,0,-0.25038,-0.968148,0.905046,14599.7,27813.2
XY,256,-0.241922,-0.970296,0,0.714079,43768.5,75022.7
XZ,256,-0.241922,0,-0.970296,0.586353,27226.1,43190.2
YZ,256,0,-0.241922,-0.970296,0.90481,14402,27433.1
XY,256.5,-0.233445,-0.97237,0,0.722033,43155.7,74315.6
XZ,256.5,-0.233445,0,-0.97237,0.595872,26578,42415
YZ,256.5,0,-0.233445,-0.97237,0.904606,14203.2,27051.6
XY,257,-0.224951,-0.97437,0,0.730142,42539.7,73599.7
XZ,257,-0.224951,0,-0.97437,0.605743,25927.8,41633.4
YZ,257,0,-0.224951,-0.97437,0.904439,14003.4,26668.5
XY,257.5,-0.21644,-0.976296,0,0.738402,41920.4,72874.5
XZ,257.5,-0.21644,0,-0.976296,0.615979,25275.7,40845
YZ,257.5,0,-0.21644,-0.976296,0.904314,13802.4,26284.1
XY,258,-0.207912,-0.978148,0,0.74681,41297.9,72139.6
XZ,258,-0.207912,0,-0.978148,0.626589,24621.6,40049.3
YZ,258,0,-0.207912,-0.978148,0.904237,13600.4,25898.4
XY,258.5,-0.199368,-0.979925,0,0.75536,40672.3,71394.5
XZ,258.5,-0.199368,0,-0.979925,0.637584,23965.7,39245.8
YZ,258.5,0,-0.199368,-0.979925,0.904216,13397.4,25511.5
XY,259,-0.190809,-0.981627,0,0.764048,40043.5,70638.7
XZ,259,-0.190809,0,-0.981627,0.648973,23307.9,38434.2
YZ,259,0,-0.190809,-0.981627,0.904258,13193.3,25123.5
XY,259.5,-0.182236,-0.983255,0,0.772863,39411.8,69871.7
XZ,259.5,-0.182236,0,-0.983255,0.660765,22648.4,37613.7
YZ,259.5,0,-0.182236,-0.983255,0.904369,12988.3,24734.5
XY,260,-0.173648,-0.984808,0,0.781798,38777,69092.8
XZ,260,-0.173648,0,-0.984808,0.672968,21987.2,36783.8
YZ,260,0,-0.173648,-0.984808,0.904561,12782.2,24344.5
XY,260.5,-0.165048,-0.986286,0,0.790839,38139.3,68301.3
XZ,260.5,-0.165048,0,-0.986286,0.685585,21324.2,35943.8
YZ,260.5,0,-0.165048,-0.986286,0.904841,12575.2,23953.8
XY,261,-0.156434,-0.987688,0,0.799971,37498.6,67496.5
XZ,261,-0.156434,0,-0.987688,0.69862,20659.7,35093
YZ,261,0,-0.156434,-0.987688,0.90522,12367.2,23562.3
XY,261.5,-0.147809,-0.989016,0,0.809178,36855.1,66677.5
XZ,261.5,-0.147809,0,-0.989016,0.712072,19993.6,34230.4
YZ,261.5,0,-0.147809,-0.989016,0.905707,12158.3,23170.2
XY,262,-0.139173,-0.990268,0,0.818436,36208.8,65843.5
XZ,262,-0.139173,0,-0.990268,0.725937,19325.9,33355.3
YZ,262,0,-0.139173,-0.990268,0.906315,11948.5,22777.6
XY,262.5,-0.130526,-0.991445,0,0.827722,35559.8,64993.4
XZ,262.5,-0.130526,0,-0.991445,0.740202,18656.8,32466.6
YZ,262.5,0,-0.130526,-0.991445,0.907054,11737.7,22384.5
XY,263,-0.121869,-0.992546,0,0.837003,34908,64126.1
XZ,263,-0.121869,0,-0.992546,0.754851,17986.3,31563.2
YZ,263,0,-0.121869,-0.992546,0.907933,11526.1,21991
XY,263.5,-0.113203,-0.993572,0,0.846244,34253.6,63240.5
XZ,263.5,-0.113203,0,-0.993572,0.769856,17314.4,30643.9
YZ,263.5,0,-0.113203,-0.993572,0.908963,11313.6,21597.2
XY,264,-0.104528,-0.994522,0,0.855401,33596.6,62335.1
XZ,264,-0.104528,0,-0.994522,0.785176,16641.1,29707.3
YZ,264,0,-0.104528,-0.994522,0.910149,11100.2,21203
XY,264.5,-0.0958458,-0.995396,0,0.864422,32937,61408.4
XZ,264.5,-0.0958458,0,-0.995396,0.800755,15966.6,28752
YZ,264.5,0,-0.0958458,-0.995396,0.911496,10885.9,20808.4
XY,265,-0.0871557,-0.996195,0,0.873246,32274.9,60458.8
XZ,265,-0.0871557,0,-0.996195,0.816513,15290.9,27776.2
YZ,265,0,-0.0871557,-0.996195,0.913002,10670.9,20413.4
XY,265.5,-0.0784591,-0.996917,0,0.881799,31610.3,59484.3
XZ,265.5,-0.0784591,0,-0.996917,0.832343,14614,26777.9
YZ,265.5,0,-0.0784591,-0.996917,0.914656,10455,20017.7
XY,266,-0.0697565,-0.997564,0,0.889994,30943.4,58482.8
XZ,266,-0.0697565,0,-0.997564,0.848098,13936.1,25755.2
YZ,266,0,-0.0697565,-0.997564,0.916437,10238.3,19621.1
XY,266.5,-0.0610485,-0.998135,0,0.897725,30274,57451.8
XZ,266.5,-0.0610485,0,-0.998135,0.863581,13257,24705.5
YZ,266.5,0,-0.0610485,-0.998135,0.918309,10020.9,19223.1
XY,267,-0.052336,-0.99863,0,0.904865,29602.4,56388.6
XZ,267,-0.052336,0,-0.99863,0.878523,12576.9,23626.1
YZ,267,0,-0.052336,-0.99863,0.920212,9802.67,18823.2
XY,267.5,-0.0436194,-0.999048,0,0.911263,28928.5,55290.1
XZ,267.5,-0.0436194,0,-0.999048,0.892562,11895.9,22513.8
YZ,267.5,0,-0.0436194,-0.999048,0.922059,9583.71,18420.4
XY,268,-0.0348995,-0.999391,0,0.916736,28252.5,54152.5
XZ,268,-0.0348995,0,-0.999391,0.905208,11214,21365
YZ,268,0,-0.0348995,-0.999391,0.923724,9364.02,18013.8
XY,268.5,-0.0261769,-0.999657,0,0.921065,27574.2,52971.9
XZ,268.5,-0.0261769,0,-0.999657,0.915791,10531.2,20175.6
YZ,268.5,0,-0.0261769,-0.999657,0.925035,9143.61,17601.8
XY,269,-0.0174524,-0.999848,0,0.923987,26893.9,51743.5
XZ,269,-0.0174524,0,-0.999848,0.923403,9847.65,18941
YZ,269,0,-0.0174524,-0.999848,0.925764,8922.52,17182.7
XY,269.5,-0.00872654,-0.999962,0,0.925192,26211.5,50462.2
XZ,269.5,-0.00872654,0,-0.999962,0.926805,9163.32,17655.9
YZ,269.5,0,-0.00872654,-0.999962,0.925629,8700.74,16754.4
XY,270,-1.83691e-016,-1,0,0.924324,25527.1,49122.5
XZ,270,-1.83691e-016,0,-1,0.924324,8478.3,16315
YZ,270,0,-1.83691e-016,-1,0.924324,8478.3,16315
XY,270.5,0.00872654,-0.999962,0,0.925479,26207.9,50462.8
XZ,270.5,0.00872654,0,-0.999962,0.927627,9159.73,17656.5
YZ,270.5,0,0.00872654,-0.999962,0.925854,8740.29,16832.5
XY,271,0.0174524,-0.999848,0,0.92512,26886.7,51760.1
XZ,271,0.0174524,0,-0.999848,0.926499,9840.47,18957.7
YZ,271,0,0.0174524,-0.999848,0.926004,9001.62,17337.2
XY,271.5,0.0261769,-0.999657,0,0.923577,27563.4,53020.4
XZ,271.5,0.0261769,0,-0.999657,0.922368,10520.5,20224.2
YZ,271.5,0,0.0261769,-0.999657,0.925151,9262.26,17831.2
XY,272,0.0348995,-0.999391,0,0.921144,28238.1,54249.4
XZ,272,0.0348995,0,-0.999391,0.916306,11199.6,21461.9
YZ,272,0,0.0348995,-0.999391,0.92363,9522.19,18317.2
XY,272.5,0.0436194,-0.999048,0,0.918062,28910.6,55452.3
XZ,272.5,0.0436194,0,-0.999048,0.909083,11878,22676
YZ,272.5,0,0.0436194,-0.999048,0.921711,9781.4,18797
XY,273,0.052336,-0.99863,0,0.914524,29580.9,56633.3
XZ,273,0.052336,0,-0.99863,0.901234,12555.4,23870.7
YZ,273,0,0.052336,-0.99863,0.919596,10039.9,19272.5
XY,273.5,0.0610485,-0.998135,0,0.910676,30248.9,57795.8
XZ,273.5,0.0610485,0,-0.998135,0.893124,13231.9,25049.6
YZ,273.5,0,0.0610485,-0.998135,0.917431,10297.6,19744.9
XY,274,0.0697565,-0.997564,0,0.906631,30914.6,58942.8
XZ,274,0.0697565,0,-0.997564,0.884994,13907.3,26215.2
YZ,274,0,0.0697565,-0.997564,0.915315,10554.5,20215.2
XY,274.5,0.0784591,-0.996917,0,0.902473,31578,60076.3
XZ,274.5,0.0784591,0,-0.996917,0.877003,14581.7,27370
YZ,274.5,0,0.0784591,-0.996917,0.913314,10810.6,20684.1
XY,275,0.0871557,-0.996195,0,0.898263,32239,61198.1
XZ,275,0.0871557,0,-0.996195,0.869249,15255,28515.4
YZ,275,0,0.0871557,-0.996195,0.911467,11065.9,21152.1
XY,275.5,0.0958458,-0.995396,0,0.894049,32897.5,62309.5
XZ,275.5,0.0958458,0,-0.995396,0.861791,15927.2,29653
YZ,275.5,0,0.0958458,-0.995396,0.909799,11320.3,21619.6
XY,276,0.104528,-0.994522,0,0.889863,33553.5,63411.5
XZ,276,0.104528,0,-0.994522,0.85466,16598.1,30783.8
YZ,276,0,0.104528,-0.994522,0.908316,11573.9,22086.7
XY,276.5,0.113203,-0.993572,0,0.885728,34207,64505.1
XZ,276.5,0.113203,0,-0.993572,0.847868,17267.7,31908.5
YZ,276.5,0,0.113203,-0.993572,0.90702,11826.6,22553.6
XY,277,0.121869,-0.992546,0,0.881663,34857.8,65590.7
XZ,277,0.121869,0,-0.992546,0.841416,17936.1,33027.8
YZ,277,0,0.121869,-0.992546,0.905906,12078.4,23020.4
XY,277.5,0.130526,-0.991445,0,0.877678,35506,66668.9
XZ,277.5,0.130526,0,-0.991445,0.835297,18603,34142.1
YZ,277.5,0,0.130526,-0.991445,0.904964,12329.3,23486.9
XY,278,0.139173,-0.990268,0,0.873781,36151.5,67740
XZ,278,0.139173,0,-0.990268,0.829499,19268.6,35251.9
YZ,278,0,0.139173,-0.990268,0.904182,12579.3,23953.2
XY,278.5,0.147809,-0.989016,0,0.869977,36794.3,68804.4
XZ,278.5,0.147809,0,-0.989016,0.824007,19932.7,36357.4
YZ,278.5,0,0.147809,-0.989016,0.903547,12828.2,24419.2
XY,279,0.156434,-0.987688,0,0.866269,37434.2,69862.3
XZ,279,0.156434,0,-0.987688,0.818806,20595.3,37458.8
YZ,279,0,0.156434,-0.987688,0.903048,13076.3,24884.7
XY,279.5,0.165048,-0.986286,0,0.862657,38071.3,70913.7
XZ,279.5,0.165048,0,-0.986286,0.813878,21256.3,38556.3
YZ,279.5,0,0.165048,-0.986286,0.90267,13323.3,25349.8
XY,280,0.173648,-0.984808,0,0.859141,38705.5,71958.9
XZ,280,0.173648,0,-0.984808,0.809208,21915.7,39650
YZ,280,0,0.173648,-0.984808,0.902402,13569.3,25814.2
XY,280.5,0.182236,-0.983255,0,0.85572,39336.7,72997.9
XZ,280.5,0.182236,0,-0.983255,0.80478,22573.4,40740
YZ,280.5,0,0.182236,-0.983255,0.902232,13814.2,26277.9
XY,281,0.190809,-0.981627,0,0.852394,39965,74030.9
XZ,281,0.190809,0,-0.981627,0.800579,23229.4,41826.3
YZ,281,0,0.190809,-0.981627,0.902149,14058.1,26740.7
XY,281.5,0.199368,-0.979925,0,0.849159,40590.2,75057.7
XZ,281.5,0.199368,0,-0.979925,0.79659,23883.6,42909
YZ,281.5,0,0.199368,-0.979925,0.902143,14301,27202.5
XY,282,0.207912,-0.978148,0,0.846015,41212.3,76078.5
XZ,282,0.207912,0,-0.978148,0.792801,24536,43988.2
YZ,282,0,0.207912,-0.978148,0.902205,14542.7,27663.3
XY,282.5,0.21644,-0.976296,0,0.842958,41831.3,77093.2
XZ,282.5,0.21644,0,-0.976296,0.789198,25186.5,45063.7
YZ,282.5,0,0.21644,-0.976296,0.902326,14783.4,28122.8
XY,283,0.224951,-0.97437,0,0.839986,42447,78102
XZ,283,0.224951,0,-0.97437,0.78577,25835.2,46135.7
YZ,283,0,0.224951,-0.97437,0.902499,15022.9,28581.1
XY,283.5,0.233445,-0.97237,0,0.837097,43059.6,79104.6
XZ,283.5,0.233445,0,-0.97237,0.782507,26481.8,47204
YZ,283.5,0,0.233445,-0.97237,0.902717,15261.3,29037.9
XY,284,0.241922,-0.970296,0,0.834287,43668.9,80101.3
XZ,284,0.241922,0,-0.970296,0.779398,27126.5,48268.8
YZ,284,0,0.241922,-0.970296,0.902974,15498.5,29493.2
XY,284.5,0.25038,-0.968148,0,0.831556,44274.8,81091.8
XZ,284.5,0.25038,0,-0.968148,0.776434,27769,49329.8
YZ,284.5,0,0.25038,-0.968148,0.903263,15734.5,29947
XY,285,0.258819,-0.965926,0,0.828899,44877.4,82076.2
XZ,285,0.258819,0,-0.965926,0.773606,28409.5,50387.2
YZ,285,0,0.258819,-0.965926,0.903582,15969.4,30399
XY,285.5,0.267238,-0.96363,0,0.826315,45476.6,83054.5
XZ,285.5,0.267238,0,-0.96363,0.770907,29047.8,51440.9
YZ,285.5,0,0.267238,-0.96363,0.903924,16203,30849.3
XY,286,0.275637,-0.961262,0,0.823801,46072.3,84026.6
XZ,286,0.275637,0,-0.961262,0.768329,29683.9,52490.9
YZ,286,0,0.275637,-0.961262,0.904286,16435.4,31297.6
XY,286.5,0.284015,-0.95882,0,0.821355,46664.4,84992.5
XZ,286.5,0.284015,0,-0.95882,0.765866,30317.7,53537
YZ,286.5,0,0.284015,-0.95882,0.904664,16666.5,31744.1
XY,287,0.292372,-0.956305,0,0.818975,47253.1,85952.2
XZ,287,0.292372,0,-0.956305,0.76351,30949.2,54579.2
YZ,287,0,0.292372,-0.956305,0.905056,16896.4,32188.5
XY,287.5,0.300706,-0.953717,0,0.816658,47838.1,86905.5
XZ,287.5,0.300706,0,-0.953717,0.761256,31578.4,55617.6
YZ,287.5,0,0.300706,-0.953717,0.905458,17125,32630.9
XY,288,0.309017,-0.951057,0,0.814402,48419.5,87852.5
XZ,288,0.309017,0,-0.951057,0.759098,32205.1,56651.9
YZ,288,0,0.309017,-0.951057,0.905868,17352.2,33071.1
XY,288.5,0.317305,-0.948324,0,0.812205,48997.2,88793
XZ,288.5,0.317305,0,-0.948324,0.757032,32829.4,57682.3
YZ,288.5,0,0.317305,-0.948324,0.906285,17578.2,33509
XY,289,0.325568,-0.945519,0,0.810065,49571.2,89727.1
XZ,289,0.325568,0,-0.945519,0.755051,33451.2,58708.6
YZ,289,0,0.325568,-0.945519,0.906705,17802.8,33944.7
XY,289.5,0.333807,-0.942641,0,0.807981,50141.4,90654.7
XZ,289.5,0.333807,0,-0.942641,0.753152,34070.5,59730.7
YZ,289.5,0,0.333807,-0.942641,0.907128,18026.1,34378
XY,290,0.34202,-0.939693,0,0.805949,50707.8,91575.7
XZ,290,0.34202,0,-0.939693,0.751331,34687.1,60748.6
YZ,290,0,0.34202,-0.939693,0.907552,18247.9,34808.9
XY,290.5,0.350207,-0.936672,0,0.803969,51270.3,92490
XZ,290.5,0.350207,0,-0.936672,0.749583,35301.1,61762.3
YZ,290.5,0,0.350207,-0.936672,0.907975,18468.4,35237.3
XY,291,0.358368,-0.93358,0,0.802038,51828.9,93397.7
XZ,291,0.358368,0,-0.93358,0.747905,35912.5,62771.6
YZ,291,0,0.358368,-0.93358,0.908396,18687.5,35663.2
XY,291.5,0.366501,-0.930418,0,0.800155,52383.6,94298.6
XZ,291.5,0.366501,0,-0.930418,0.746293,36521,63776.4
YZ,291.5,0,0.366501,-0.930418,0.908815,18905.2,36086.5
XY,292,0.374607,-0.927184,0,0.798318,52934.3,95192.6
XZ,292,0.374607,0,-0.927184,0.744744,37126.9,64776.9
YZ,292,0,0.374607,-0.927184,0.909231,19121.4,36507.2
XY,292.5,0.382683,-0.92388,0,0.796526,53480.9,96079.8
XZ,292.5,0.382683,0,-0.92388,0.743254,37729.8,65772.7
YZ,292.5,0,0.382683,-0.92388,0.909642,19336.2,36925.2
XY,293,0.390731,-0.920505,0,0.794776,54023.5,96960.1
XZ,293,0.390731,0,-0.920505,0.741822,38329.9,66763.9
YZ,293,0,0.390731,-0.920505,0.910048,19549.5,37340.4
XY,293.5,0.398749,-0.91706,0,0.793069,54561.9,97833.3
XZ,293.5,0.398749,0,-0.91706,0.740443,38927.1,67750.5
YZ,293.5,0,0.398749,-0.91706,0.910449,19761.3,37752.9
XY,294,0.406737,-0.913545,0,0.791401,55096.3,98699.5
XZ,294,0.406737,0,-0.913545,0.739116,39521.4,68732.2
YZ,294,0,0.406737,-0.913545,0.910843,19971.6,38162.6
XY,294.5,0.414693,-0.909961,0,0.789771,55626.4,99558.5
XZ,294.5,0.414693,0,-0.909961,0.737838,40112.6,69709.2
YZ,294.5,0,0.414693,-0.909961,0.911231,20180.4,38569.4
XY,295,0.422618,-0.906308,0,0.788179,56152.2,100410
XZ,295,0.422618,0,-0.906308,0.736606,40700.7,70681.2
YZ,295,0,0.422618,-0.906308,0.911613,20387.6,38973.3
XY,295.5,0.430511,-0.902585,0,0.786622,56673.8,101255
XZ,295.5,0.430511,0,-0.902585,0.735419,41285.8,71648.2
YZ,295.5,0,0.430511,-0.902585,0.911987,20593.3,39374.2
XY,296,0.438371,-0.898794,0,0.785101,57191.1,102092
XZ,296,0.438371,0,-0.898794,0.734273,41867.7,72610.1
YZ,296,0,0.438371,-0.898794,0.912354,20797.4,39772.1
XY,296.5,0.446198,-0.894934,0,0.783612,57704,102922
XZ,296.5,0.446198,0,-0.894934,0.733169,42446.5,73566.9
YZ,296.5,0,0.446198,-0.894934,0.912714,21000,40167
XY,297,0.45399,-0.891007,0,0.782156,58212.6,103744
XZ,297,0.45399,0,-0.891007,0.732102,43022,74518.4
YZ,297,0,0.45399,-0.891007,0.913066,21200.9,40558.8
XY,297.5,0.461749,-0.887011,0,0.780731,58716.7,104559
XZ,297.5,0.461749,0,-0.887011,0.731072,43594.2,75464.7
YZ,297.5,0,0.461749,-0.887011,0.91341,21400.3,40947.5
XY,298,0.469472,-0.882948,0,0.779336,59216.3,105366
XZ,298,0.469472,0,-0.882948,0.730077,44163.1,76405.5
YZ,298,0,0.469472,-0.882948,0.913746,21598,41333
XY,298.5,0.477159,-0.878817,0,0.777969,59711.4,106165
XZ,298.5,0.477159,0,-0.878817,0.729115,44728.6,77340.9
YZ,298.5,0,0.477159,-0.878817,0.914074,21794,41715.3
XY,299,0.48481,-0.87462,0,0.77663,60202,106957
XZ,299,0.48481,0,-0.87462,0.728185,45290.7,78270.8
YZ,299,0,0.48481,-0.87462,0.914394,21988.4,42094.5
XY,299.5,0.492424,-0.870356,0,0.775318,60688,107740
XZ,299.5,0.492424,0,-0.870356,0.727286,45849.4,79195.1
YZ,299.5,0,0.492424,-0.870356,0.914706,22181.1,42470.3
XY,300,0.5,-0.866025,0,0.774032,61169.3,108516
XZ,300,0.5,0,-0.866025,0.726415,46404.6,80113.6
YZ,300,0,0.5,-0.866025,0.91501,22372.2,42842.9
XY,300.5,0.507538,-0.861629,0,0.772771,61646.1,109284
XZ,300.5,0.507538,0,-0.861629,0.725571,46956.3,81026.4
YZ,300.5,0,0.507538,-0.861629,0.915306,22561.5,43212.1
XY,301,0.515038,-0.857167,0,0.771534,62118.1,110044
XZ,301,0.515038,0,-0.857167,0.724755,47504.4,81933.4
YZ,301,0,0.515038,-0.857167,0.915594,22749.1,43578
XY,301.5,0.522499,-0.85264,0,0.77032,62585.3,110796
XZ,301.5,0.522499,0,-0.85264,0.723963,48048.8,82834.4
YZ,301.5,0,0.522499,-0.85264,0.915874,22935,43940.5
XY,302,0.529919,-0.848048,0,0.769128,63047.9,111540
XZ,302,0.529919,0,-0.848048,0.723195,48589.6,83729.4
YZ,302,0,0.529919,-0.848048,0.916146,23119.1,44299.6
XY,302.5,0.5373,-0.843391,0,0.767958,63505.6,112275
XZ,302.5,0.5373,0,-0.843391,0.72245,49126.7,84618.3
YZ,302.5,0,0.5373,-0.843391,0.91641,23301.5,44655.2
XY,303,0.544639,-0.838671,0,0.766808,63958.5,113002
XZ,303,0.544639,0,-0.838671,0.721727,49660.1,85501.1
YZ,303,0,0.544639,-0.838671,0.916666,23482.1,45007.3
XY,303.5,0.551937,-0.833886,0,0.765679,64406.5,113721
XZ,303.5,0.551937,0,-0.833886,0.721025,50189.7,86377.7
YZ,303.5,0,0.551937,-0.833886,0.916915,23660.9,45355.9
XY,304,0.559193,-0.829038,0,0.764568,64849.6,114431
XZ,304,0.559193,0,-0.829038,0.720343,50715.4,87247.9
YZ,304,0,0.559193,-0.829038,0.917156,23837.9,45700.9
XY,304.5,0.566406,-0.824126,0,0.763476,65287.7,115133
XZ,304.5,0.566406,0,-0.824126,0.71968,51237.3,88111.8
YZ,304.5,0,0.566406,-0.824126,0.917389,24013.1,46042.4
XY,305,0.573576,-0.819152,0,0.762402,65720.9,115827
XZ,305,0.573576,0,-0.819152,0.719035,51755.3,88969.2
YZ,305,0,0.573576,-0.819152,0.917615,24186.4,46380.2
XY,305.5,0.580703,-0.814116,0,0.761345,66149.1,116511
XZ,305.5,0.580703,0,-0.814116,0.718408,52269.4,89820.1
YZ,305.5,0,0.580703,-0.814116,0.917834,24357.9,46714.5
XY,306,0.587785,-0.809017,0,0.760305,66572.3,117187
XZ,306,0.587785,0,-0.809017,0.717797,52779.5,90664.4
YZ,306,0,0.587785,-0.809017,0.918045,24527.6,47045
XY,306.5,0.594823,-0.803857,0,0.75928,66990.3,117855
XZ,306.5,0.594823,0,-0.803857,0.717203,53285.5,91502
YZ,306.5,0,0.594823,-0.803857,0.91825,24695.4,47371.9
XY,307,0.601815,-0.798636,0,0.758271,67403.3,118513
XZ,307,0.601815,0,-0.798636,0.716623,53787.5,92332.9
YZ,307,0,0.601815,-0.798636,0.918447,24861.3,47695.1
XY,307.5,0.608761,-0.793353,0,0.757276,67811.2,119163
XZ,307.5,0.608761,0,-0.793353,0.716058,54285.4,93156.9
YZ,307.5,0,0.608761,-0.793353,0.918638,25025.3,48014.5
XY,308,0.615661,-0.788011,0,0.756296,68213.8,119804
XZ,308,0.615661,0,-0.788011,0.715507,54779.2,93974.1
YZ,308,0,0.615661,-0.788011,0.918822,25187.4,48330.2
XY,308.5,0.622515,-0.782608,0,0.755329,68611.3,120435
XZ,308.5,0.622515,0,-0.782608,0.71497,55268.8,94784.3
YZ,308.5,0,0.622515,-0.782608,0.918999,25347.6,48642.1
XY,309,0.62932,-0.777146,0,0.754376,69003.6,121058
XZ,309,0.62932,0,-0.777146,0.714445,55754.2,95587.4
YZ,309,0,0.62932,-0.777146,0.919169,25505.9,48950.2
XY,309.5,0.636078,-0.771625,0,0.753435,69390.6,121672
XZ,309.5,0.636078,0,-0.771625,0.713932,56235.3,96383.5
YZ,309.5,0,0.636078,-0.771625,0.919333,25662.2,49254.4
XY,310,0.642788,-0.766044,0,0.752506,69772.3,122276
XZ,310,0.642788,0,-0.766044,0.713431,56712.1,97172.3
YZ,310,0,0.642788,-0.766044,0.919491,25816.6,49554.7
XY,310.5,0.649448,-0.760406,0,0.751589,70148.7,122872
XZ,310.5,0.649448,0,-0.760406,0.712941,57184.7,97954
YZ,310.5,0,0.649448,-0.760406,0.919643,25969,49851.2
XY,311,0.656059,-0.75471,0,0.750684,70519.8,123458
XZ,311,0.656059,0,-0.75471,0.712462,57652.9,98728.3
YZ,311,0,0.656059,-0.75471,0.919788,26119.4,50143.8
XY,311.5,0.66262,-0.748956,0,0.749789,70885.5,124035
XZ,311.5,0.66262,0,-0.748956,0.711992,58116.7,99495.3
YZ,311.5,0,0.66262,-0.748956,0.919928,26267.9,50432.4
XY,312,0.669131,-0.743145,0,0.748904,71245.8,124602
XZ,312,0.669131,0,-0.743145,0.711533,58576,100255
YZ,312,0,0.669131,-0.743145,0.920062,26414.3,50717.1
XY,312.5,0.67559,-0.737277,0,0.74803,71600.7,125160
XZ,312.5,0.67559,0,-0.737277,0.711083,59030.9,101007
YZ,312.5,0,0.67559,-0.737277,0.92019,26558.7,50997.8
XY,313,0.681998,-0.731354,0,0.747165,71950.1,125709
XZ,313,0.681998,0,-0.731354,0.710642,59481.3,101751
YZ,313,0,0.681998,-0.731354,0.920312,26701.1,51274.5
XY,313.5,0.688355,-0.725374,0,0.74631,72294,126248
XZ,313.5,0.688355,0,-0.725374,0.710209,59927.2,102488
YZ,313.5,0,0.688355,-0.725374,0.920429,26841.5,51547.2
XY,314,0.694658,-0.71934,0,0.745463,72632.5,126777
XZ,314,0.694658,0,-0.71934,0.709785,60368.5,103217
YZ,314,0,0.694658,-0.71934,0.920541,26979.8,51815.9
XY,314.5,0.700909,-0.71325,0,0.744625,72965.4,127297
XZ,314.5,0.700909,0,-0.71325,0.709368,60805.3,103939
YZ,314.5,0,0.700909,-0.71325,0.920647,27116.1,52080.5
XY,315,0.707107,-0.707107,0,0.743795,73292.7,127807
XZ,315,0.707107,0,-0.707107,0.708959,61237.4,104652
YZ,315,0,0.707107,-0.707107,0.920748,27250.3,52341
XY,315.5,0.71325,-0.700909,0,0.742973,73614.5,128308
XZ,315.5,0.71325,0,-0.700909,0.708558,61664.8,105358
YZ,315.5,0,0.71325,-0.700909,0.920844,27382.4,52597.4
XY,316,0.71934,-0.694658,0,0.742158,73930.6,128799
XZ,316,0.71934,0,-0.694658,0.708163,62087.5,106056
YZ,316,0,0.71934,-0.694658,0.920935,27512.5,52849.7
XY,316.5,0.725374,-0.688355,0,0.741351,74241.2,129280
XZ,316.5,0.725374,0,-0.688355,0.707774,62505.5,106745
YZ,316.5,0,0.725374,-0.688355,0.921021,27640.4,53097.9
XY,317,0.731354,-0.681998,0,0.740551,74546,129751
XZ,317,0.731354,0,-0.681998,0.707392,62918.8,107427
YZ,317,0,0.731354,-0.681998,0.921103,27766.3,53341.9
XY,317.5,0.737277,-0.67559,0,0.739757,74845.2,130213
XZ,317.5,0.737277,0,-0.67559,0.707016,63327.2,108101
YZ,317.5,0,0.737277,-0.67559,0.921179,27890,53581.7
XY,318,0.743145,-0.669131,0,0.73897,75138.7,130664
XZ,318,0.743145,0,-0.669131,0.706646,63730.8,108766
YZ,318,0,0.743145,-0.669131,0.921252,28011.6,53817.4
XY,318.5,0.748956,-0.66262,0,0.738189,75426.5,131106
XZ,318.5,0.748956,0,-0.66262,0.706281,64129.6,109423
YZ,318.5,0,0.748956,-0.66262,0.92132,28131.1,54048.8
XY,319,0.75471,-0.656059,0,0.737414,75708.5,131537
XZ,319,0.75471,0,-0.656059,0.705921,64523.5,110072
YZ,319,0,0.75471,-0.656059,0.921383,28248.4,54276.1
XY,319.5,0.760406,-0.649448,0,0.736645,75984.8,131959
XZ,319.5,0.760406,0,-0.649448,0.705567,64912.5,110713
YZ,319.5,0,0.760406,-0.649448,0.921442,28363.6,54499
XY,320,0.766044,-0.642788,0,0.735881,76255.3,132370
XZ,320,0.766044,0,-0.642788,0.705217,65296.5,111345
YZ,320,0,0.766044,-0.642788,0.921498,28476.6,54717.8
XY,320.5,0.771625,-0.636078,0,0.735122,76520,132771
XZ,320.5,0.771625,0,-0.636078,0.704872,65675.6,111968
YZ,320.5,0,0.771625,-0.636078,0.921549,28587.5,54932.2
XY,321,0.777146,-0.62932,0,0.734368,76778.8,133163
XZ,321,0.777146,0,-0.62932,0.704532,66049.6,112584
YZ,321,0,0.777146,-0.62932,0.921596,28696.2,55142.4
XY,321.5,0.782608,-0.622515,0,0.733619,77031.8,133544
XZ,321.5,0.782608,0,-0.622515,0.704196,66418.7,113190
YZ,321.5,0,0.782608,-0.622515,0.921639,28802.6,55348.3
XY,322,0.788011,-0.615661,0,0.732875,77278.9,133915
XZ,322,0.788011,0,-0.615661,0.703864,66782.6,113789
YZ,322,0,0.788011,-0.615661,0.921679,28906.9,55549.9
XY,322.5,0.793353,-0.608761,0,0.732134,77520.2,134275
XZ,322.5,0.793353,0,-0.608761,0.703536,67141.5,114378
YZ,322.5,0,0.793353,-0.608761,0.921715,29009,55747.1
XY,323,0.798636,-0.601815,0,0.731398,77755.5,134626
XZ,323,0.798636,0,-0.601815,0.703212,67495.3,114959
YZ,323,0,0.798636,-0.601815,0.921748,29108.9,55940
XY,323.5,0.803857,-0.594823,0,0.730666,77985,134966
XZ,323.5,0.803857,0,-0.594823,0.702891,67843.9,115531
YZ,323.5,0,0.803857,-0.594823,0.921777,29206.6,56128.5
XY,324,0.809017,-0.587785,0,0.729938,78208.4,135296
XZ,324,0.809017,0,-0.587785,0.702574,68187.4,116094
YZ,324,0,0.809017,-0.587785,0.921802,29302,56312.7
XY,324.5,0.814116,-0.580703,0,0.729214,78426,135615
XZ,324.5,0.814116,0,-0.580703,0.70226,68525.7,116648
YZ,324.5,0,0.814116,-0.580703,0.921825,29395.3,56492.5
XY,325,0.819152,-0.573576,0,0.728493,78637.5,135924
XZ,325,0.819152,0,-0.573576,0.701949,68858.7,117194
YZ,325,0,0.819152,-0.573576,0.921844,29486.2,56667.9
XY,325.5,0.824126,-0.566406,0,0.727775,78843.1,136223
XZ,325.5,0.824126,0,-0.566406,0.701642,69186.5,117731
YZ,325.5,0,0.824126,-0.566406,0.92186,29575,56838.9
XY,326,0.829038,-0.559193,0,0.72706,79042.7,136511
XZ,326,0.829038,0,-0.559193,0.701337,69509.1,118258
YZ,326,0,0.829038,-0.559193,0.921873,29661.4,57005.5
XY,326.5,0.833886,-0.551937,0,0.726349,79236.2,136789
XZ,326.5,0.833886,0,-0.551937,0.701036,69826.3,118777
YZ,326.5,0,0.833886,-0.551937,0.921883,29745.6,57167.7
XY,327,0.838671,-0.544639,0,0.72564,79423.7,137057
XZ,327,0.838671,0,-0.544639,0.700737,70138.2,119287
YZ,327,0,0.838671,-0.544639,0.921891,29827.6,57325.4
XY,327.5,0.843391,-0.5373,0,0.724934,79605.2,137314
XZ,327.5,0.843391,0,-0.5373,0.70044,70444.8,119787
YZ,327.5,0,0.843391,-0.5373,0.921896,29907.3,57478.7
XY,328,0.848048,-0.529919,0,0.724231,79780.6,137560
XZ,328,0.848048,0,-0.529919,0.700147,70746.1,120279
YZ,328,0,0.848048,-0.529919,0.921898,29984.7,57627.5
XY,328.5,0.85264,-0.522499,0,0.72353,79949.9,137796
XZ,328.5,0.85264,0,-0.522499,0.699855,71041.9,120761
YZ,328.5,0,0.85264,-0.522499,0.921897,30059.8,57771.9
XY,329,0.857167,-0.515038,0,0.722832,80113.1,138021
XZ,329,0.857167,0,-0.515038,0.699566,71332.3,121234
YZ,329,0,0.857167,-0.515038,0.921895,30132.6,57911.8
XY,329.5,0.861629,-0.507538,0,0.722136,80270.3,138236
XZ,329.5,0.861629,0,-0.507538,0.69928,71617.3,121698
YZ,329.5,0,0.861629,-0.507538,0.92189,30203.2,58047.2
XY,330,0.866025,-0.5,0,0.721442,80421.3,138441
XZ,330,0.866025,0,-0.5,0.698995,71896.9,122152
YZ,330,0,0.866025,-0.5,0.921882,30271.4,58178.1
XY,330.5,0.870356,-0.492424,0,0.720751,80566.2,138634
XZ,330.5,0.870356,0,-0.492424,0.698713,72170.9,122598
YZ,330.5,0,0.870356,-0.492424,0.921873,30337.3,58304.5
XY,331,0.87462,-0.48481,0,0.720061,80704.9,138817
XZ,331,0.87462,0,-0.48481,0.698432,72439.5,123034
YZ,331,0,0.87462,-0.48481,0.921861,30401,58426.4
XY,331.5,0.878817,-0.477159,0,0.719374,80837.6,138990
XZ,331.5,0.878817,0,-0.477159,0.698154,72702.6,123460
YZ,331.5,0,0.878817,-0.477159,0.921848,30462.3,58543.8
XY,332,0.882948,-0.469472,0,0.718688,80964,139152
XZ,332,0.882948,0,-0.469472,0.697878,72960.1,123877
YZ,332,0,0.882948,-0.469472,0.921833,30521.3,58656.7
XY,332.5,0.887011,-0.461749,0,0.718004,81084.3,139303
XZ,332.5,0.887011,0,-0.461749,0.697603,73212,124285
YZ,332.5,0,0.887011,-0.461749,0.921816,30577.9,58765.1
XY,333,0.891007,-0.45399,0,0.717322,81198.4,139444
XZ,333,0.891007,0,-0.45399,0.697331,73458.4,124683
YZ,333,0,0.891007,-0.45399,0.921798,30632.2,58869
XY,333.5,0.894934,-0.446198,0,0.716642,81306.4,139574
XZ,333.5,0.894934,0,-0.446198,0.69706,73699.2,125072
YZ,333.5,0,0.894934,-0.446198,0.921778,30684.2,58968.3
XY,334,0.898794,-0.438371,0,0.715964,81408.1,139693
XZ,334,0.898794,0,-0.438371,0.696791,73934.4,125451
YZ,334,0,0.898794,-0.438371,0.921757,30733.9,59063.1
XY,334.5,0.902585,-0.430511,0,0.715287,81503.6,139802
XZ,334.5,0.902585,0,-0.430511,0.696523,74163.9,125821
YZ,334.5,0,0.902585,-0.430511,0.921735,30781.2,59153.4
XY,335,0.906308,-0.422618,0,0.714612,81593,139900
XZ,335,0.906308,0,-0.422618,0.696258,74387.8,126181
YZ,335,0,0.906308,-0.422618,0.921711,30826.2,59239.1
XY,335.5,0.909961,-0.414693,0,0.713938,81676.1,139988
XZ,335.5,0.909961,0,-0.414693,0.695994,74606.1,126531
YZ,335.5,0,0.909961,-0.414693,0.921687,30868.8,59320.2
XY,336,0.913545,-0.406737,0,0.713267,81753,140065
XZ,336,0.913545,0,-0.406737,0.695731,74818.6,126872
YZ,336,0,0.913545,-0.406737,0.921662,30909.1,59396.9
XY,336.5,0.91706,-0.398749,0,0.712596,81823.7,140131
XZ,336.5,0.91706,0,-0.398749,0.695471,75025.5,127204
YZ,336.5,0,0.91706,-0.398749,0.921636,30947,59469
XY,337,0.920505,-0.390731,0,0.711928,81888.1,140187
XZ,337,0.920505,0,-0.390731,0.695212,75226.6,127525
YZ,337,0,0.920505,-0.390731,0.92161,30982.6,59536.5
XY,337.5,0.92388,-0.382683,0,0.711261,81946.3,140232
XZ,337.5,0.92388,0,-0.382683,0.694954,75422,127837
YZ,337.5,0,0.92388,-0.382683,0.921583,31015.8,59599.5
XY,338,0.927184,-0.374607,0,0.710596,81998.3,140266
XZ,338,0.927184,0,-0.374607,0.694698,75611.7,128139
YZ,338,0,0.927184,-0.374607,0.921557,31046.7,59658
XY,338.5,0.930418,-0.366501,0,0.709933,82044,140290
XZ,338.5,0.930418,0,-0.366501,0.694444,75795.6,128431
YZ,338.5,0,0.930418,-0.366501,0.92153,31075.2,59711.9
XY,339,0.93358,-0.358368,0,0.709272,82083.5,140303
XZ,339,0.93358,0,-0.358368,0.694191,75973.8,128714
YZ,339,0,0.93358,-0.358368,0.921504,31101.3,59761.2
XY,339.5,0.936672,-0.350207,0,0.708613,82116.7,140306
XZ,339.5,0.936672,0,-0.350207,0.69394,76146.1,128987
YZ,339.5,0,0.936672,-0.350207,0.921478,31125,59806.1
XY,340,0.939693,-0.34202,0,0.707956,82143.7,140298
XZ,340,0.939693,0,-0.34202,0.693691,76312.7,129250
YZ,340,0,0.939693,-0.34202,0.921453,31146.4,59846.4
XY,340.5,0.942641,-0.333807,0,0.707301,82164.4,140279
XZ,340.5,0.942641,0,-0.333807,0.693443,76473.4,129503
YZ,340.5,0,0.942641,-0.333807,0.921429,31165.4,59882.1
XY,341,0.945519,-0.325568,0,0.706649,82178.9,140251
XZ,341,0.945519,0,-0.325568,0.693197,76628.3,129747
YZ,341,0,0.945519,-0.325568,0.921406,31182,59913.4
XY,341.5,0.948324,-0.317305,0,0.705999,82187.1,140211
XZ,341.5,0.948324,0,-0.317305,0.692953,76777.4,129981
YZ,341.5,0,0.948324,-0.317305,0.921384,31196.3,59940.1
XY,342,0.951057,-0.309017,0,0.705352,82189,140161
XZ,342,0.951057,0,-0.309017,0.692711,76920.7,130204
YZ,342,0,0.951057,-0.309017,0.921364,31208.2,59962.3
XY,342.5,0.953717,-0.300706,0,0.704708,82184.7,140101
XZ,342.5,0.953717,0,-0.300706,0.692471,77058,130418
YZ,342.5,0,0.953717,-0.300706,0.921346,31217.7,59980
XY,343,0.956305,-0.292372,0,0.704067,82174.1,140030
XZ,343,0.956305,0,-0.292372,0.692233,77189.5,130623
YZ,343,0,0.956305,-0.292372,0.921331,31224.8,59993.2
XY,343.5,0.95882,-0.284015,0,0.70343,82157.3,139949
XZ,343.5,0.95882,0,-0.284015,0.691996,77315.2,130817
YZ,343.5,0,0.95882,-0.284015,0.921318,31229.6,60002
XY,344,0.961262,-0.275637,0,0.702797,82134.2,139858
XZ,344,0.961262,0,-0.275637,0.691762,77434.9,131001
YZ,344,0,0.961262,-0.275637,0.921309,31231.9,60006.2
XY,344.5,0.96363,-0.267238,0,0.702167,82104.9,139756
XZ,344.5,0.96363,0,-0.267238,0.69153,77548.8,131176
YZ,344.5,0,0.96363,-0.267238,0.921303,31231.9,60006
XY,345,0.965926,-0.258819,0,0.701543,82069.3,139644
XZ,345,0.965926,0,-0.258819,0.691301,77656.7,131341
YZ,345,0,0.965926,-0.258819,0.921301,31229.6,60001.4
XY,345.5,0.968148,-0.25038,0,0.700923,82027.4,139522
XZ,345.5,0.968148,0,-0.25038,0.691074,77758.7,131496
YZ,345.5,0,0.968148,-0.25038,0.921303,31224.8,59992.3
XY,346,0.970296,-0.241922,0,0.700309,81979.3,139390
XZ,346,0.970296,0,-0.241922,0.69085,77854.9,131641
YZ,346,0,0.970296,-0.241922,0.92131,31217.7,59978.8
XY,346.5,0.97237,-0.233445,0,0.6997,81925,139248
XZ,346.5,0.97237,0,-0.233445,0.690629,77945,131776
YZ,346.5,0,0.97237,-0.233445,0.921323,31208.1,59960.9
XY,347,0.97437,-0.224951,0,0.699098,81864.4,139096
XZ,347,0.97437,0,-0.224951,0.69041,78029.3,131902
YZ,347,0,0.97437,-0.224951,0.921342,31196.2,59938.6
XY,347.5,0.976296,-0.21644,0,0.698503,81797.6,138934
XZ,347.5,0.976296,0,-0.21644,0.690195,78107.6,132017
YZ,347.5,0,0.976296,-0.21644,0.921367,31182,59912
XY,348,0.978148,-0.207912,0,0.697916,81724.6,138761
XZ,348,0.978148,0,-0.207912,0.689984,78179.9,132123
YZ,348,0,0.978148,-0.207912,0.9214,31165.3,59881.1
XY,348.5,0.979925,-0.199368,0,0.697337,81645.3,138580
XZ,348.5,0.979925,0,-0.199368,0.689775,78246.3,132219
YZ,348.5,0,0.979925,-0.199368,0.921441,31146.3,59845.8
XY,349,0.981627,-0.190809,0,0.696767,81559.8,138388
XZ,349,0.981627,0,-0.190809,0.689571,78306.8,132305
YZ,349,0,0.981627,-0.190809,0.92149,31124.9,59806.2
XY,349.5,0.983255,-0.182236,0,0.696207,81468.1,138187
XZ,349.5,0.983255,0,-0.182236,0.689371,78361.2,132381
YZ,349.5,0,0.983255,-0.182236,0.921549,31101.2,59762.4
XY,350,0.984808,-0.173648,0,0.695658,81370.3,137976
XZ,350,0.984808,0,-0.173648,0.689175,78409.8,132448
YZ,350,0,0.984808,-0.173648,0.921618,31075,59714.3
XY,350.5,0.986286,-0.165048,0,0.69512,81266.2,137756
XZ,350.5,0.986286,0,-0.165048,0.688984,78452.3,132505
YZ,350.5,0,0.986286,-0.165048,0.921698,31046.5,59662.1
XY,351,0.987688,-0.156434,0,0.694594,81155.9,137526
XZ,351,0.987688,0,-0.156434,0.688798,78488.9,132552
YZ,351,0,0.987688,-0.156434,0.92179,31015.7,59605.6
XY,351.5,0.989016,-0.147809,0,0.694081,81039.4,137287
XZ,351.5,0.989016,0,-0.147809,0.688616,78519.4,132589
YZ,351.5,0,0.989016,-0.147809,0.921894,30982.5,59545
XY,352,0.990268,-0.139173,0,0.693581,80916.8,137039
XZ,352,0.990268,0,-0.139173,0.68844,78544,132617
YZ,352,0,0.990268,-0.139173,0.922012,30946.9,59480.3
XY,352.5,0.991445,-0.130526,0,0.693096,80788,136782
XZ,352.5,0.991445,0,-0.130526,0.68827,78562.7,132635
YZ,352.5,0,0.991445,-0.130526,0.922144,30908.9,59411.4
XY,353,0.992546,-0.121869,0,0.692626,80653,136515
XZ,353,0.992546,0,-0.121869,0.688105,78575.3,132643
YZ,353,0,0.992546,-0.121869,0.92229,30868.7,59338.5
XY,353.5,0.993572,-0.113203,0,0.692171,80512,136240
XZ,353.5,0.993572,0,-0.113203,0.687946,78582,132642
YZ,353.5,0,0.993572,-0.113203,0.922451,30826,59261.5
XY,354,0.994522,-0.104528,0,0.69173,80364.7,135955
XZ,354,0.994522,0,-0.104528,0.687792,78582.6,132631
YZ,354,0,0.994522,-0.104528,0.922626,30781,59180.4
XY,354.5,0.995396,-0.0958458,0,0.691303,80211.4,135662
XZ,354.5,0.995396,0,-0.0958458,0.687644,78577.3,132611
YZ,354.5,0,0.995396,-0.0958458,0.922815,30733.7,59095.2
XY,355,0.996195,-0.0871557,0,0.690888,80051.9,135359
XZ,355,0.996195,0,-0.0871557,0.6875,78566,132580
YZ,355,0,0.996195,-0.0871557,0.923016,30684,59005.8
XY,355.5,0.996917,-0.0784591,0,0.690482,79886.4,135047
XZ,355.5,0.996917,0,-0.0784591,0.68736,78548.8,132540
YZ,355.5,0,0.996917,-0.0784591,0.923228,30632,58912.3
XY,356,0.997564,-0.0697565,0,0.690083,79714.8,134725
XZ,356,0.997564,0,-0.0697565,0.687222,78525.5,132490
YZ,356,0,0.997564,-0.0697565,0.923447,30577.7,58814.5
XY,356.5,0.998135,-0.0610485,0,0.689683,79537.1,134392
XZ,356.5,0.998135,0,-0.0610485,0.687085,78496.3,132430
YZ,356.5,0,0.998135,-0.0610485,0.923668,30521,58712.2
XY,357,0.99863,-0.052336,0,0.689275,79353.3,134050
XZ,357,0.99863,0,-0.052336,0.686945,78461.1,132360
YZ,357,0,0.99863,-0.052336,0.923885,30462,58605.4
XY,357.5,0.999048,-0.0436194,0,0.688848,79163.5,133695
XZ,357.5,0.999048,0,-0.0436194,0.6868,78419.9,132279
YZ,357.5,0,0.999048,-0.0436194,0.924087,30400.7,58493.5
XY,358,0.999391,-0.0348995,0,0.688387,78967.7,133328
XZ,358,0.999391,0,-0.0348995,0.686644,78372.7,132187
YZ,358,0,0.999391,-0.0348995,0.924263,30337,58376.4
XY,358.5,0.999657,-0.0261769,0,0.687873,78765.9,132947
XZ,358.5,0.999657,0,-0.0261769,0.68647,78319.6,132084
YZ,358.5,0,0.999657,-0.0261769,0.924396,30271.1,58253.6
XY,359,0.999848,-0.0174524,0,0.687283,78558,132550
XZ,359,0.999848,0,-0.0174524,0.686272,78260.5,131968
YZ,359,0,0.999848,-0.0174524,0.924465,30202.9,58124.3
XY,359.5,0.999962,-0.00872654,0,0.68659,78344.2,132135
XZ,359.5,0.999962,0,-0.00872654,0.686041,78195.4,131841
YZ,359.5,0,0.999962,-0.00872654,0.924449,30132.3,57988.1
XY,360,1,-2.44921e-016,0,0.685767,78124.4,131700
XZ,360,1,0,-2.44921e-016,0.685767,78124.4,131700
YZ,360,0,1,-2.44921e-016,0.924324,30059.5,57844.2
